officer_names_lower,year,news_hits
christopher mcgee,2019,0
michael berrios,2014,0
rafael torres,2019,0
robert gallagher,2016,0
vincent tulipano,2017,0
nicklas yardan,2019,0
robert gallagher,2018,0
robert gronock,2015,0
mathew reich,2014,0
david sammarco,2015,0
rafael beato,2017,0
vahan bayizian,2019,0
przemyslaw smigas,2014,0
michael catusco,2015,0
jelinson martinez,2016,0
eric bravo,2018,0
greydy mercedes,2017,0
john livingston,2014,0
michael walsh,2016,0
amanda portalatin,2015,0
daniel castillo,2015,0
wilfredo benitez,2019,0
jasmine nunezramos,2019,0
umar khitab,2016,0
william taylor,2016,1
scott blackburn,2017,0
omar eltabib,2016,0
andrew cacciatore,2015,0
christina romero,2014,0
gary calhoun,2017,0
christian diaz,2019,0
vladimir julien,2016,0
robert paholek,2017,0
wendy flores,2014,0
taylor cumbo,2019,0
lei cui,2017,0
jeffrey adaszewski,2017,0
edward whalen,2019,0
miguel pierre,2016,0
jeremiah harney,2017,0
raymond cotton,2015,0
charles mcanulla,2017,0
frank maglio,2018,0
ginina diaz,2017,0
anthony ward,2018,0
ryan loomis,2016,0
robert backiel,2015,0
kieran higgins,2017,0
theresa haley,2017,0
louis ellis,2015,0
alexander gil,2014,0
richard ernyey,2016,0
james gerrity,2017,0
corey hughes,2017,0
edgar rivera,2017,0
edward cheek,2016,0
jaup xhunga,2016,0
daryl melhado,2014,0
kevin cully,2017,0
steven lopez,2017,0
francis roscigno,2019,0
corey gresko,2017,0
chaz turner,2019,0
vincent signoretti,2016,0
john facchini,2019,0
michael lunetta,2017,0
jonathan polanco,2016,0
bekim molic,2019,0
kyle crevatas,2018,0
matthew santos,2014,0
michael nesto,2016,0
john manzo,2018,0
francisco gonzalez,2017,0
jeffrey perez,2018,0
brian hickey,2016,0
kenneth chow,2019,0
christopher crain,2019,0
isabelle polanco,2019,0
peter yip,2014,0
stanley xenakis,2015,0
christopher furegno,2016,0
angel cruz,2016,0
andrew demichael,2018,0
brian ferguson,2015,0
kevin chow,2016,0
alicia stone,2016,0
scott berger,2014,0
thomas gross,2015,0
desean mullings,2019,0
tamara williams,2015,0
brian heerey,2014,0
james trapasso,2014,0
raymond welsh,2017,0
brian donohue,2015,0
willie artiles,2014,0
frank bulzoni,2015,0
rachael czelatka,2017,0
sergei vorobyev,2019,0
sean mcdonnell,2017,0
edward furbush,2014,0
joe rodriguez,2015,0
johnpaul catano,2017,0
abraham caraballo,2018,0
andrzej maziarz,2015,0
ernest takacs,2015,0
melvin thomas,2016,0
viet dang,2015,0
william munoz,2017,0
daniel alessandrino,2017,0
alan delrosario,2018,0
mohamed shaw,2018,0
joanne sullivan,2014,0
michael mcdonnell,2015,0
franklyn santana,2018,0
kurt liebe,2018,0
atik hossain,2018,0
joseph algerio,2016,0
robert yeaman,2015,0
justin beiger,2019,0
jason dasilva,2015,0
jonathan pagan,2019,0
robert rostkowski,2015,0
robert mciver,2015,0
millicent sempermartinez,2016,0
carl cespedes,2016,0
roberto delapena,2019,0
marcin czerwinski,2015,0
mayra ramirez,2019,0
jorge morel,2017,0
noel damico,2015,0
ryan cahill,2015,0
jorge rodriguez,2017,0
christopher dixon,2017,0
brian behan,2014,0
edson brutus,2017,0
darnell downes,2017,0
carlos gonzalez,2014,0
alyssa marinaro,2019,0
joseph wernersbach,2016,0
francisco britez,2016,0
justin ortiz,2018,0
niazul haque,2018,0
jonathan costanzo,2018,0
manuel pepin,2015,0
john smyth,2017,0
john zorrilla,2014,0
john plumitallo,2019,0
brittany moore,2017,0
saul molina,2015,0
russell bordina,2018,0
james grant,2019,1
matthew hauswirth,2015,0
anthony dicarlo,2016,0
johnny lau,2014,0
liana marcelle,2015,0
vincent aguilo,2014,0
frank ingrao,2019,0
emmanuel fernandez,2015,0
anlu rodriguez,2019,0
christopher garcia,2014,1
remy jeanfrancois,2014,0
washington zurita,2014,0
andy heenpella,2018,0
james saintil,2014,0
donald hook,2017,0
raynni reyes,2017,0
peter lazare,2015,0
nico hewitt,2015,0
danny campbell,2015,0
susie peralta,2014,0
tina stuart,2016,0
john foley,2017,0
miles holman,2019,0
robert schlosser,2019,0
crystal collins,2016,0
christian casillo,2018,0
terrence williams,2019,0
sanjay gidarisingh,2017,0
francisco vega,2015,0
marc lebron,2014,0
jena leocadio,2018,0
anthony raddi,2014,0
nuran ali,2014,0
william froehlich,2017,0
matthew zappia,2014,0
christian campoverde,2014,0
thomas nigro,2016,0
andrew schlegel,2015,0
jose bravo,2014,0
robert dazzo,2017,0
demetrios kekatos,2015,0
il baik,2018,0
lucas nicolas,2015,0
matthew drury,2015,0
james tobin,2018,0
nicholas derobertis,2015,0
kathleen correa,2019,0
jason pulver,2017,0
james wunderlich,2014,0
sean buchanan,2018,0
alicia garcia,2017,0
francisco adames,2019,0
aida dejesus,2016,0
andrzej maziarz,2014,0
stephen barounis,2018,0
adam gledhill,2019,0
michal drozd,2016,0
carl callender,2014,0
john zanca,2014,0
victor reynoso,2016,0
john smyth,2016,0
giancarlo maratea,2019,0
christopher diorio,2019,0
iran lopezmaceda,2019,0
nicholas abagnalo,2018,0
manolin molina,2015,0
edison gutierrez,2014,0
krista cascalenda,2014,0
michael connizzo,2019,0
victor nunez,2015,0
renee hanna,2017,0
katrina forrester,2015,0
adan munoz,2014,0
robert martinez,2019,0
joseph napolitano,2017,0
troyann safi,2017,0
james tagliamonte,2014,0
david babayev,2019,0
alejandra weinold,2017,0
leonel rivas,2017,0
william odriscoll,2014,0
eric dieumegard,2015,0
joseph manfra,2018,0
derek sambolin,2015,0
anil jacob,2014,0
grid troci,2017,0
michael becker,2017,0
patrick mcgrath,2014,0
christopher mattar,2019,0
kasey homer,2015,0
john christmann,2016,0
joseph albert,2016,0
steve torres,2018,0
hammer colon,2019,0
dwight powell,2017,0
carlos morales,2014,0
john stapleton,2015,0
charles schwartz,2017,0
robert villani,2015,0
christopher jaeger,2014,0
ahsan zafar,2016,0
gregory elz,2019,0
christophe cooley,2014,0
gloria cevallos,2017,0
cheng pak,2017,0
jonathan pesce,2019,0
sean liscoe,2017,0
victor quach,2017,0
destyni bynoe,2019,0
hugh herbert,2018,0
william dugan,2016,0
pamela rhoad,2018,0
luis ramirez,2019,0
yajaira martinez,2016,0
rory kim,2017,0
xavier fernandez,2017,0
christophe savage,2014,0
nathaniel beck,2019,0
vincent ferrante,2014,0
lawrence harvey,2015,0
robert leopold,2014,0
michael longobardo,2019,0
james shouldis,2018,0
alexander salzman,2018,0
jacqueline becker,2017,0
jose santory,2016,0
glen barker,2014,0
david cheesewright,2018,0
troy peacock,2019,0
michael perez,2019,0
edward stafford,2017,0
darren mays,2019,0
michael jenkins,2018,0
danny chung,2016,0
james kash,2019,0
brian sacher,2014,0
howard roth,2018,0
lorraine vultaggio,2015,0
anthony bentivegna,2019,0
david jimenez,2019,0
hauline garcia,2016,0
james mccafferty,2016,0
sean noce,2016,0
kitwane lewis,2019,0
louis guglielmo,2017,0
walter valentin,2015,0
oscar ramos,2015,0
rashan lacoste,2014,0
pinyo saitep,2014,0
michael pyzikiewicz,2016,0
richard modestil,2019,0
renee lee,2014,0
sandra martinez,2018,0
edwin ching,2015,0
vincent tulipano,2016,0
dean zandani,2017,0
muhammad ashraf,2016,0
zachary barrett,2017,0
nadine burgos,2014,0
nicholas ursini,2015,0
philip tse,2017,0
juan moreno,2015,0
frankie iglesias,2014,0
kwadwo opokuduro,2016,0
victor carrasquillo,2019,0
george ricker,2014,0
peter chiofolo,2018,0
michael onieal,2014,0
michael iovine,2014,0
juan peralta,2019,0
harry pell,2018,0
john randazzo,2015,0
francis brunetti,2017,0
jonathan martinez,2017,0
james gilson,2018,0
karina pena,2018,0
jason samuel,2017,0
alexis denny,2018,0
joshua bienvenue,2015,0
gregory rittenhouse,2015,0
piotr zebrowski,2016,0
jamie gifkins,2016,0
kevin shanahan,2015,0
michael russo,2016,0
ioannis argyros,2017,0
samantha dimarco,2018,0
charles choi,2017,0
paris rious,2014,0
matthew lewis,2016,0
john kiernan,2019,0
william mackay,2019,0
robert barnett,2019,0
danielle orourke,2015,0
clyde gabriel,2016,0
miriam lenarduzzi,2018,0
besim pelinku,2014,0
gerard guzman,2014,0
daniel moessner,2017,0
florenc dacaj,2018,0
harry cai,2019,0
evan dumont,2014,0
lisa santasieri,2016,0
paul brzezinski,2017,0
luis pacheco,2018,0
michael sidorskiy,2018,0
marc starromand,2019,0
crystal williams,2018,0
joseph sferrazza,2018,0
ahmed abdalla,2017,0
mark kwon,2017,0
camille mcsam,2016,0
james campiglia,2017,0
janice falette,2016,0
patrick tanner,2014,0
dmitriy shery,2015,0
kelvin gomez,2018,0
rafal korycki,2015,0
frank gut,2018,0
henry rojas,2019,0
zaid ahmed,2019,0
philip clottin,2019,0
esdras albert,2015,0
patrick craig,2015,0
matthew palmerini,2015,0
patrick gordon,2016,0
ronnie rodriguez,2017,0
william mckiver,2019,0
carlos anton,2014,0
derrick coleman,2016,0
alexis ponce,2015,0
sean buchanan,2015,0
patrick mcbride,2017,0
todd berenson,2014,0
felix paulino,2019,0
kevin fundarek,2015,0
matthew kreisman,2017,0
jorge vazquez,2014,0
john reddy,2018,0
alan schatz,2015,0
edmundo rivera,2016,0
ronald hobson,2016,0
edwin sanchez,2014,0
daniel bavuso,2018,0
anthony pastore,2017,0
william gaspari,2015,0
rudy anzalone,2016,0
desmund nichols,2014,0
eroll cherenfant,2016,0
salvatore aquino,2015,0
luis machado,2014,0
andrew martinez,2018,0
devin baker,2019,0
frank mallimo,2016,0
oliver rojas,2019,0
kelvin garcia,2016,0
john maderik,2016,0
shawn gallagher,2017,0
carmen mateo,2018,0
john gherardi,2014,0
cameron foster,2014,0
patrick osei,2017,0
steven acevedo,2015,0
daryll nesbitt,2017,0
vicente vivar,2016,0
anthony cimmino,2016,0
nathaniel anthony,2014,0
edward lawyerr,2014,0
tanya acevedo,2019,0
jason sanders,2016,0
ronald kennedy,2019,0
catherine cirami,2017,0
dewan persaud,2014,0
lawrice crawford,2018,0
hemadeh fattah,2017,0
brandon grasser,2019,0
nelson nin,2018,0
german gonzalez,2017,0
eric mazurkiewicz,2016,0
craig roach,2015,0
daniel chin,2014,0
osmairy castillo,2018,0
sean monahan,2016,0
dina talavera,2017,0
anlu rodriguez,2017,0
noel alphonso,2018,0
james dhanpath,2017,0
julia goldberg,2017,0
marco padilla,2017,0
jennifer driscoll,2018,0
stephen salzano,2015,0
edward ahearne,2017,0
thomas campanelli,2018,0
carl bennett,2015,0
malvi moncion,2019,0
joshua laveglia,2014,0
jose mejia,2016,0
paul giangrasso,2016,0
robert hakius,2019,0
taraya cutler,2019,0
brian zupo,2019,0
paul casale,2015,0
joseph schneider,2018,0
william glynn,2018,0
david sammarco,2014,0
patrick leonard,2019,0
anthony russo,2015,0
miguel adorno,2018,0
jonmichael delarosa,2017,0
joseph accetta,2019,0
adnan radoncic,2016,0
arthur truscelli,2014,0
john oneill,2019,0
choudhry rameez,2016,0
eric borbee,2019,0
michael cillis,2018,0
juby thomas,2015,0
erika moore,2014,0
christophe tehan,2015,0
arzoo bedi,2018,0
eula harris,2014,0
daniel aybar,2014,0
david hovestadt,2016,0
josue kavanagh,2017,0
matthew hughes,2015,0
bilal ates,2018,0
makiba brathwaitezimmerman,2016,0
yassir zahroof,2017,0
james zozzaro,2018,0
bailey goon,2015,0
cleeford franklin,2015,0
juan pichardo,2015,0
leon pedigo,2017,0
kelvin peralta,2019,0
bruce ceparano,2017,0
scott sohn,2017,0
james lukeson,2019,0
brian destefano,2017,0
jihad shahin,2017,0
raymond abreu,2014,0
bennett shelley,2015,0
denis gamez,2019,0
anthony guadagno,2017,0
galvin ferguson,2018,0
michael brito,2019,0
andres rosario,2018,0
angel ramos,2016,0
kelvin ozuna,2018,0
pedro cruz,2016,0
vladimir alonzo,2016,0
brian mccaughey,2014,0
bryan scheblein,2017,0
dominick raso,2016,0
michael becker,2016,0
steven lawrence,2014,0
guillermo suarez,2018,0
orin cox,2015,0
john slavinsky,2015,0
frank bauers,2018,0
christopher roche,2018,0
kevin blake,2014,0
gene etoria,2014,0
matthew mccarthy,2014,0
jessica figueroa,2016,0
julie hansen,2017,0
michael mcavoy,2015,0
michael ditoto,2017,0
lucas hasnay,2019,0
john ramalho,2018,0
carlos pineda,2014,0
dwayne leon,2019,0
steven byrne,2017,0
daniel mardjonovic,2017,0
jesus sosa,2015,0
james drummy,2019,0
stephan noel,2019,0
shauna paramourreid,2017,0
kenneth dwyer,2018,0
peter sparks,2014,0
matthew kuhl,2016,0
mario muniz,2014,0
joseph stokes,2016,0
gabriel cuadros,2018,0
gregory montalbano,2018,0
peter morales,2017,0
william rivera,2018,0
patrick jeanpierre,2014,0
anthony votino,2016,0
ian wallace,2016,0
jonathan mckiski,2014,0
christopher sanchez,2014,0
anthony crupi,2017,0
alexander caruso,2017,0
alex campuzano,2018,0
joel miranda,2014,0
john volkan,2016,0
andrey kravchenko,2018,0
tiery samuels,2016,0
richard polanco,2018,0
michael riggio,2015,0
zachary lavender,2017,0
mark buono,2018,0
james campiglia,2019,0
vincent mauro,2019,0
robert ciolino,2014,0
manuel morales,2016,0
rosetta rosendaryphillips,2016,0
johnny chalen,2015,0
yilson melendez,2016,0
kevin fulham,2014,0
tzu cheung,2016,0
andrew ho,2014,0
charles lovelock,2017,0
christopher alikhan,2016,0
daniel vargas,2016,0
jason santana,2019,0
ray dutton,2017,0
kenneth monahan,2014,0
anthony votino,2017,0
brian lauler,2015,0
sanad musallam,2016,0
francisco acosta,2014,0
jeremy ramos,2017,0
nicholas obrien,2019,0
christopher yazzo,2016,0
steven kallap,2017,0
kerry rowley,2017,0
florin alexandru,2015,0
adam conlin,2015,0
jason ianno,2015,0
freddy pichardo,2016,0
michael cama,2017,0
joseph gallagher,2014,0
erick harsch,2018,0
joseph viggiano,2016,0
michael mendez,2019,0
sorely nunez,2019,0
ryan moran,2017,0
michael abbruzzese,2019,0
jose reyes,2018,0
mark anderson,2018,0
luis sanchez,2017,0
nicki canady,2019,0
cindy cardona,2018,0
jesse trap,2018,0
manuel monegro,2017,0
christopher siciliano,2018,0
diana pichardo,2015,0
lenno hendricks,2016,0
matthew lambert,2018,0
patrick quigley,2018,0
walter nimley,2017,0
kamil pac,2014,0
daniel halloran,2018,0
claude montout,2016,0
vincent kennedy,2018,0
jason brochhausen,2017,0
tiamarie jones,2016,0
shuyi lin,2019,0
tiffany gonzalez,2016,0
thomas byrnes,2014,0
andrew mancusi,2014,0
donald aridas,2019,0
mathimohan mohandas,2015,0
frank gambina,2015,0
johnny chalen,2016,0
jena leocadio,2017,0
jeremy natal,2014,0
rebecca marcus,2017,0
joanne rodriguez,2014,0
christian allen,2014,0
leon barreto,2015,0
john filippi,2019,0
gregory marotta,2017,0
rafael morla,2015,0
randy kyrk,2017,0
carlito dejesus,2018,0
edgardo diaz,2014,0
patrick dooley,2016,0
joel ayala,2016,0
brian vacchio,2015,0
james habermehl,2018,0
vito guagenti,2014,0
frank bulzoni,2017,0
john moise,2014,0
malik hirani,2014,0
rachael czelatka,2016,0
samuel hui,2016,0
mark dibenedetto,2014,0
maurice oconnor,2014,0
anthony perlmutter,2019,0
jude reimbeau,2018,0
eric bernard,2016,0
brendan mcnamara,2018,0
harris haskovic,2017,0
tamisha hyland,2016,0
takiyah trench,2015,0
vincent cuccia,2019,0
dennis harrison,2017,0
ricardo montilla,2018,0
kevin odoherty,2017,0
ronald burke,2015,0
jeff harris,2014,0
kristo cevi,2019,0
abdulhadi chalati,2017,0
paul brown,2014,0
steven sposito,2014,0
brendan mcmorrow,2018,0
ronnie fernandez,2017,0
paul martin,2014,0
harley greco,2018,0
omar saad,2019,0
michael dunn,2015,0
jimmy romero,2018,0
jose velasquez,2016,0
ronald sanchez,2016,0
michal jalbrzykowski,2018,0
william curley,2017,0
nicholas dimatteo,2018,0
wilson hung,2017,0
jaily polancobalcacer,2016,0
andrew burke,2019,0
gerson mejia,2019,0
anton baird,2017,1
thomas manning,2016,0
alejandro villalona,2017,0
john ohagan,2016,0
john haynes,2014,0
darren sukennikoff,2017,0
stephen loud,2017,0
steven colon,2017,0
jeffrey martin,2019,0
joseph giordano,2014,0
john collins,2014,0
andrew fiscante,2015,0
john giampiccolo,2018,0
darwin cedeno,2016,0
emelio rodriques,2014,0
kevin connolly,2016,0
kevin nicoll,2017,0
william morris,2015,0
leonid shatkin,2017,0
richard miller,2019,0
natalie valerio,2014,0
numael amador,2019,0
jerry varice,2016,0
keynayia gorman,2019,0
ryan norwood,2014,0
daniel castillo,2014,0
kenneth logallo,2016,0
robert wilson,2018,0
christophe davis,2015,0
ruben guerrero,2015,0
ernesto marks,2019,0
luis santiago,2017,0
joseph davin,2017,0
cornelius oshea,2014,0
thomas longa,2014,0
michael blackman,2018,0
joseph nicoletti,2019,0
steve crozier,2015,0
sohaib rasool,2018,0
mekubahdya yisrael,2015,0
vincent gambino,2019,0
ian woodard,2019,0
joseph sousa,2016,0
maurice singletary,2019,0
jose cotto,2014,0
cecelia wilson,2016,0
charles lovelock,2016,0
steven chu,2018,0
nicole quinones,2017,0
pedro vallecillo,2014,0
joannie colon,2016,0
helin marte,2016,0
christopher sanchez,2018,0
thomas montario,2019,0
adam mclawhorn,2018,0
norman cox,2018,0
matthew regan,2017,0
rene castellano,2014,0
luis machado,2016,0
ernest kenner,2014,0
scott hughes,2017,0
eduard dombrovschi,2016,0
jesse lance,2016,0
robert orlando,2014,0
frank amill,2018,0
ian abramowitz,2019,0
guydee surpris,2016,0
jason barish,2017,0
edgar rivera,2019,1
tyrane isaac,2014,0
john zamot,2015,0
nicholas conway,2017,0
jerome capitly,2016,0
steven glassman,2019,0
jose cotto,2019,0
jason smith,2016,0
munir alhidami,2016,0
javier cordero,2015,0
armando cardenio,2018,0
jomal dillon,2017,0
michael meneses,2019,0
christopher jurkota,2019,0
joby thomas,2015,0
ignazio debellis,2016,0
thomas smith,2018,0
christopher torres,2014,0
maxwell bindman,2018,0
paul livingston,2017,0
larry meyers,2018,0
robert jaquez,2018,0
joseph franco,2017,0
declan ludington,2019,0
daniel domarecki,2014,0
giselle batista,2019,0
nicholas nelson,2018,0
christopher campbell,2017,0
james holder,2018,0
renaldo weekes,2019,0
david gordon,2017,0
christopher ponce,2019,0
israel flores,2017,0
michael dunlavey,2016,1
john cerar,2019,0
elvetia mascol,2018,0
christophe vitale,2016,0
todd hansen,2014,0
michael misilewich,2014,0
joel paulino,2016,0
david savella,2016,0
daniel conforti,2017,0
nichol martinez,2017,0
vincent peralta,2016,0
joseph reyes,2017,0
edward leisengang,2014,0
efrain hernandez,2014,0
nicholas ruiz,2015,0
carlos santiago,2016,0
marventine bazelais,2019,0
jarrett nadal,2018,0
matthew pagano,2019,0
laetitia augustus,2018,0
haroldy cabreja,2017,0
scott kletzkin,2017,0
edmond decio,2016,0
brian dobbins,2016,0
gerardo caballero,2014,0
gregori perez,2018,0
martin mcbride,2014,1
mike civil,2014,0
brian motyka,2015,0
andres zambrano,2016,0
luis cruz,2019,0
scott nuzzi,2017,0
jonathan frith,2019,0
martin sierra,2019,0
jonathan taveras,2019,0
eduard lucero,2019,0
shaneil mitchell,2015,0
stephen urbanowicz,2017,0
yaris gonzalez,2015,0
anthony boccio,2018,0
nanhao chen,2016,0
anthony sory,2019,0
sergio pesantes,2014,0
armando colon,2018,0
christophe dowdell,2015,0
ramon morel,2017,0
richie gonzalez,2015,0
tara convery,2019,0
joseph singh,2019,0
augustine gonzalez,2016,0
lisa reyes,2017,0
luke brennan,2017,0
james ellerbe,2014,0
daniel comas,2015,0
rolex roldan,2019,0
melvin carpio,2018,0
brendan kelly,2014,0
frank locascio,2017,0
jessica schrell,2019,0
michael horan,2018,0
sandy espinal,2018,0
sean crowley,2019,0
daisy martinez,2015,0
wesley wellington,2018,0
joseph gavin,2015,0
jose santini,2018,0
john fattorusso,2018,0
matthew massa,2014,0
jason filoramo,2016,0
kevin hunter,2019,0
patrick fanning,2016,0
daniel travis,2017,0
alexander wancel,2018,0
nicholas demeo,2016,0
aleksandr kovalenko,2017,0
michael mazzella,2014,0
brendan boyle,2016,0
ryan habermehl,2014,0
atara ashford,2016,0
seamus lavin,2015,0
paul mcmahon,2015,0
mark delossantos,2019,0
michael vila,2015,0
daniel hersh,2016,0
michael boyle,2014,0
mihai tudor,2017,0
frank vera,2016,0
edward arias,2015,0
edwin sanchez,2018,0
jeffrey heilig,2015,0
jackeline gonzalez,2015,0
anthony sica,2017,0
gina mestre,2019,0
thomas hionas,2017,0
steven silveira,2017,0
racquel chambers,2019,0
john wilkinson,2017,0
mariangela graffagnino,2017,0
abiola errico,2018,0
richard elliott,2015,0
janson pena,2015,0
john loso,2017,0
jason pulver,2016,0
samuel lavaud,2016,0
jose vanderpool,2018,0
jason deonarinesingh,2015,0
meaghan fox,2015,0
carlos nunez,2019,0
sean keegan,2019,0
frank henenlotter,2019,0
ayanna harrison,2017,0
christopher chin,2016,0
ramon guillen,2015,0
karima holmes,2017,0
dustin levi,2014,0
thomas weil,2015,0
christopher sanabria,2016,0
kellan oneill,2014,0
robert simms,2014,0
michaelangelo hidalgo,2018,0
ariel eusebio,2017,0
nicholas conte,2016,1
thomas williams,2014,0
odalis veras,2017,0
adam sager,2014,1
edward vega,2015,0
yevgeniy zaytsev,2017,0
ryan mcguinness,2018,0
chad mack,2014,0
kelly tweedy,2019,0
brian benvenuto,2018,0
michael wischhusen,2017,0
joseph condello,2018,0
luke denesopolis,2014,0
ashley ricci,2017,0
george strysko,2016,0
ibrahim adam,2017,0
justin londono,2018,0
jay rivera,2018,0
nasson innocent,2014,0
richard reilly,2017,0
james soares,2018,0
joseph reyes,2019,0
david martinez,2014,0
luis alicea,2018,0
william zirk,2015,0
ricardo cuenca,2015,0
ryan winkler,2019,0
kenny kowlessar,2019,0
zef camaj,2018,0
rosa jordan,2018,0
damon brooks,2014,0
edwin minaya,2016,0
gerard cash,2015,0
kelvin peralta,2016,0
jessica baranek,2015,0
josue ortiz,2014,0
mareli casanova,2016,0
george aguilar,2014,0
brian volpi,2016,0
albert moulier,2014,0
dacia webb,2018,0
jeneen sneed,2015,0
jacob aaronson,2014,0
kelly gormely,2015,0
erasmo troia,2018,0
james burns,2018,0
josue batista,2019,0
dwight martin,2014,1
thomas little,2018,0
ana gutierrez,2018,0
donald frost,2018,0
michael gagliardi,2019,0
ilir krasniqi,2018,0
ariel mallol,2018,0
marc hummel,2015,0
noelle miglino,2019,0
terry avent,2019,0
coty green,2017,0
edward murphy,2017,0
john mascetti,2017,0
daniel shaw,2016,0
michael ciota,2014,0
william russ,2018,0
ediliza wentworth,2019,0
tara mannix,2019,0
brett strauss,2017,0
daniel dallemand,2015,0
frank zappulla,2014,0
martin campos,2016,0
robert giery,2018,0
brian rossi,2018,0
terrence burch,2014,0
graham emburey,2016,0
douglas curry,2019,0
ricardo joseph,2014,0
matthew lambert,2016,0
james robinson,2016,0
matthew salzman,2018,0
francesco cusimano,2014,0
john corde,2018,0
jeanne williams,2018,0
orlando gonzalez,2015,0
matthew rosiello,2015,0
angel dejesus,2019,0
jonathan schmidt,2017,0
genry cobos,2019,0
sheldon maxwell,2017,0
sasa maric,2015,0
jonathan cannizzaro,2019,0
christophe maldonado,2019,0
myles lennard,2016,0
melvin mejia,2015,0
john hawthorne,2015,0
william farley,2019,0
angelica gonzalez,2017,0
douglas soriano,2014,0
jammie martinez,2017,0
nercy burgos,2018,0
ian holzman,2014,0
harry perez,2017,0
salvatore lopiccolo,2014,0
cesare diomede,2016,0
ricky hicks,2018,0
patrick lenza,2016,0
scott hughes,2014,0
maria zoccolillo,2014,0
noel alphonso,2014,0
david miller,2019,0
steven varela,2015,0
adam geslak,2018,0
saul quilesmorales,2014,0
willus murray,2015,0
joseph diaz,2019,0
vanessa mcbride,2017,0
daniel hachemeister,2019,0
jonathan lovera,2018,0
owais khanzada,2015,0
jhonnier salazar,2014,0
joseph dalbero,2018,0
michael ardolino,2014,0
nerys ramirez,2017,0
michael venditti,2019,0
peter furtaw,2014,0
nikolaos kontarinis,2016,0
fitz edouard,2019,0
anthony blum,2016,0
valorie montes,2018,0
scott munro,2014,0
mateusz baranowski,2018,0
anthony selvaggi,2019,0
salvatore vieni,2018,0
kimberly mcknight,2019,0
brandon gembecki,2015,0
jared martinez,2019,0
theresa lustica,2016,0
robert musolino,2015,0
donmartin atienza,2016,0
tomor berisha,2017,0
dmitriy luzanov,2018,0
peter guido,2014,0
doreyda munoz,2014,0
sheldon elliott,2019,0
kevin persaud,2018,0
fady azmy,2017,0
jonathan colon,2017,0
thomas garry,2019,0
jamarr burnett,2019,0
frank santiago,2016,0
jorge grullon,2016,0
luis torres,2015,0
salvador diaz,2019,0
graziano cillo,2014,0
george farley,2016,0
ramon portillo,2015,0
darren davis,2019,0
william huang,2018,0
mark zimmerman,2019,0
angelo pizzarro,2017,0
adrian jimenez,2014,0
jack morrison,2018,0
brian dennis,2016,0
marcin pawezka,2016,0
william pellegrino,2014,0
jeremy scheublin,2014,0
sean destefano,2019,0
michael riveranieves,2014,0
christopher sharpe,2018,0
christopher castle,2015,0
brendan reilly,2015,2
richard charles,2015,0
jason liao,2018,0
andrew pereiro,2018,0
eric florio,2015,0
john slavinsky,2014,0
paul viar,2018,0
thomas ramirez,2014,0
james tobin,2016,0
jose deschamps,2015,0
tanisha dorson,2014,0
mena maximos,2015,0
alberto lara,2018,0
richard zimmer,2015,0
leonardo viera,2017,0
jared fink,2018,0
jose aracena,2016,0
james kelly,2019,0
todd craven,2018,0
kevin critelli,2014,0
peter ahn,2016,0
kiel sui,2016,0
john toscano,2018,0
kevin deleon,2016,0
kevin shanahan,2016,0
dominic ruggiero,2014,0
zhengliang jiang,2016,0
michael disanto,2019,0
james ferrufino,2018,0
christopher caminiti,2015,0
jared faber,2015,0
joseph pierce,2017,0
raymond tillotson,2015,0
hassan gheith,2018,0
brian ricci,2014,0
brian chichotky,2014,0
rico iantorno,2017,0
harold mejia,2016,0
louis defranco,2017,0
roque leo,2017,0
darin lazar,2014,0
marshall winston,2014,0
jose suriel,2014,0
jesus reyes,2016,0
kenneth loughlin,2015,0
franklin bonilla,2019,0
ashmeed paltoo,2015,0
brian greaige,2019,0
nelson ayala,2018,0
lamont kirkland,2015,0
brian feeley,2014,0
ernan vega,2016,0
ashley sacaza,2015,0
jordan staab,2018,0
mark offenbacher,2018,0
christophe devaney,2014,0
ryan hoffmann,2017,0
steven moylan,2015,0
damien clarke,2017,0
jose bravo,2017,0
paul chierico,2014,0
giocardo bernabe,2015,0
homer henriquez,2015,0
katherine colon,2014,0
john bolden,2016,0
jose ortiz,2014,1
robert clark,2017,0
raymond paltoo,2014,0
steve siciliano,2019,0
monique holly,2019,0
daniel guida,2019,0
xinping huang,2019,0
thornton booker,2017,0
juan lordi,2018,0
brendan waitkus,2018,0
michael fokianos,2019,0
salahudeen abdulrahmaan,2019,0
cornelius oshea,2018,0
douglas evora,2015,0
sean keegan,2015,0
michael odonnell,2014,2
michael smith,2014,0
richard lennox,2016,0
michael piper,2017,0
caitlin lemmo,2019,0
jennifer curtis,2014,0
thomas whalen,2015,0
kreshnik bakraqi,2014,0
carlos pimentel,2014,0
eugene cummings,2019,0
denise manfredo,2016,0
bryn stayfer,2016,0
christopher egan,2015,0
melvin moultrie,2017,0
gene sheyn,2015,0
naveed chaudry,2019,0
michael kaczor,2015,0
karl hanisch,2017,0
chris whitehead,2016,0
billy gomez,2019,0
emanuel iskhakov,2018,0
mark anderson,2014,0
michael burke,2014,0
perry quincoses,2017,0
kendrick maldonado,2017,0
bryan verdolino,2014,0
carlos castillo,2016,0
vincent florez,2017,0
ershadur siddique,2014,0
harry hughes,2019,0
henry lewis,2017,0
david grieco,2014,0
mel perashi,2014,0
michael sarro,2014,0
richard galletta,2017,0
joseph hovanec,2018,0
christopher desimone,2018,0
zoltan kui,2019,0
juancarlos cruz,2016,0
harry delacruz,2016,0
john carbone,2016,0
jorge grullon,2018,0
christophe fasano,2018,0
ariel florentino,2014,0
gregory edgar,2016,0
gilberto rodriguez,2016,0
jermaine aspinall,2017,0
daniel castaldo,2016,0
timothy gaven,2019,0
matthew hart,2016,0
james moore,2019,0
francisco tejada,2014,0
sandra melendez,2015,0
nathanael ricketts,2017,0
michael reig,2018,0
michael buliga,2019,0
raymond higgins,2015,0
jessenia guzman,2019,0
jonathan taveras,2016,0
kenan akaydin,2014,0
william schumacher,2016,0
robert rivera,2017,0
michael gargano,2018,0
andre edwards,2018,0
kevin williams,2017,0
robert hyland,2019,0
nicholas neve,2014,0
diamond speller,2018,0
kevin cain,2014,0
kenneth miller,2019,0
brian mullarkey,2014,0
karyn mccormack,2019,0
adrian bishop,2017,0
justin lugo,2017,0
anthony bomparola,2019,0
james otterbein,2014,1
corey johnson,2019,0
ronald humphrey,2016,0
nicole fox,2019,0
shawn arigoni,2017,0
eduardo cabrera,2017,0
holger sarango,2016,0
gregory viggiani,2018,0
joel bolivar,2019,0
richard sagistano,2014,0
louis depergola,2014,0
rayna hall,2015,0
michael verbrugge,2014,0
christopher drews,2017,0
christopher colby,2019,0
francis pinales,2019,0
li li,2018,0
satinderpal singh,2018,0
lukasz banach,2015,0
daniel mcdonald,2015,0
warren savage,2015,0
richard spennicchia,2014,0
michael rosenberg,2015,0
latoya paradise,2014,0
yefersson salasmartinez,2018,0
leandro castro,2014,0
julio jimenez,2015,0
daniel pietranico,2017,0
anna serrano,2014,0
richard quinland,2016,0
miguel henry,2018,0
charles minch,2018,0
edgar guerrero,2019,0
jose gonzalez,2017,0
mirel hoxha,2014,0
nicholas romanelli,2019,0
joseph walsh,2019,0
ivy roman,2017,0
patrick reilly,2016,0
zeeshan ahmed,2014,0
anton morgulets,2017,0
larry simpson,2015,0
daniel filak,2014,0
mitchell epstein,2018,0
jean prinston,2015,0
nicholas murray,2019,0
francisco pena,2014,0
brian mccloskey,2015,0
daniel haggerty,2014,0
alex claudio,2016,0
steven wan,2019,0
ashley raaf,2019,0
roger maharaj,2017,0
milton russi,2018,0
thomas owens,2017,0
miguel vanbrakle,2018,0
brian maguire,2014,0
eric hernandez,2016,0
joseph tobin,2015,0
steven perez,2017,0
daniel efinger,2019,0
augustine gonzalez,2017,0
german geronimo,2017,0
andrew yates,2017,0
peter devincenzi,2016,0
ardit ymeri,2017,0
jacqueline catalano,2014,0
raymond ng,2019,0
alvaro menjivar,2016,0
christyan garcia,2015,0
joseph locurto,2017,0
george bodenmiller,2018,0
scott hamburger,2014,0
christopher musa,2014,0
tia stephenson,2016,0
dominique taylor,2015,0
robert ferguson,2018,0
kristian brito,2018,1
david miller,2016,0
erek powers,2014,0
nikolaos stefopoulos,2015,0
steven acevedo,2018,0
ahad hamdani,2018,0
cameron foster,2016,0
yahaira agate,2015,0
carlos estrella,2017,0
joshua bienvenue,2014,0
danielle raia,2015,0
mark gurleski,2017,0
lawrence thomas,2016,0
john ryan,2015,0
bernadette fackovec,2019,0
ashland menelas,2015,0
vadim osilenker,2014,0
cecilia marotta,2014,0
brian raghoenathsingh,2015,0
soney varghese,2018,0
jacqueline cifuentes,2017,0
harold sawyer,2015,0
adam dumelle,2014,0
maris garcia,2016,0
gerardo urbaez,2019,0
charlie harvell,2015,0
amy schenk,2016,0
robert kilduff,2014,0
michael franco,2014,0
matthew disilvestre,2017,0
jessica lalli,2018,0
jake feldman,2019,0
marshall winston,2017,0
modesto acosta,2019,0
andrew babajko,2019,0
jennyann nelson,2016,0
victor sadarangani,2014,0
christopher macaluso,2017,0
lorenza fragoso,2018,0
joshua acosta,2019,0
paul dawkins,2019,0
briggitte martinez,2018,0
jose gonzalez,2016,0
kevin cox,2014,0
priscilla perez,2016,0
sharif portee,2017,0
nelson guillaume,2019,0
keith reusch,2019,1
rafael morales,2017,0
joseluis deluna,2019,0
harrynson lopez,2017,0
gregory baum,2014,0
yayonfrant jeanpierre,2016,0
ray sanchez,2014,0
juan morales,2016,0
daniel madden,2016,0
gabriel keinig,2018,0
stephen conforti,2018,0
lawrence dunbar,2014,0
kenneth greene,2014,0
paul mccarthy,2014,0
anand bhoj,2016,0
aloysius sosic,2017,0
jordan rossi,2015,0
brian alexander,2014,0
estharlin lopez,2017,0
vicente perez,2019,0
nicholas kelleher,2018,0
diery louis,2017,0
camille williams,2016,0
tracy ellensohn,2017,0
timothy terrillion,2017,0
fernando lopes,2018,0
samuel perez,2018,0
bethea ivory,2016,0
eric almeida,2019,0
christopher hughes,2019,0
anthony nevandro,2017,0
gunvinder singh,2018,0
robert wojnicki,2019,0
angel thevenin,2016,0
richard walsh,2018,0
johnny mitchell,2018,0
andrew marino,2017,0
krystal small,2015,1
rafael morales,2016,4
robert mayer,2016,0
amit dua,2017,0
christophe hager,2017,0
vickram manni,2019,0
vincent dima,2018,0
jason valentino,2019,0
alexander bradshaw,2016,0
thomas chiudina,2014,0
george layng,2018,0
ysia collado,2014,0
marcos ortiz,2016,0
claudio diaz,2019,0
bekim kalicovic,2016,0
edwin villanueva,2015,0
jason liff,2017,0
kristy abbasciano,2016,0
edison jaramillo,2015,0
andrei pahom,2017,0
neil cusick,2016,0
sasa maric,2016,0
william morris,2014,0
jacqueline garcia,2017,0
erika palazzo,2017,0
nicholas srour,2018,0
natalee marrero,2016,0
shreeganesh meade,2017,0
robert dwojak,2015,0
francis ghanney,2017,0
steven rios,2016,0
brett ortiz,2015,0
matthew cahill,2015,0
james marcinek,2019,0
jairo hidalgo,2016,0
desirae martins,2017,0
erickson ramirez,2016,0
ali miranda,2014,0
arthur umlauf,2014,0
chasidy genao,2015,0
sylvia golaszewski,2017,0
paula aguero,2016,0
edwin espinal,2014,0
thomas murray,2016,0
michael defilippo,2019,0
matthew schiff,2014,0
saverio zanchelli,2014,0
wilmar mejia,2015,0
christina robinson,2016,0
denzel jacobs,2017,0
anthony romero,2017,0
jason brochhausen,2019,0
jude reimbeau,2019,0
christophe woulfe,2014,0
kristen simeone,2014,0
keith wagenhauser,2019,0
artem makaryan,2015,0
sohag paul,2018,0
armando berrios,2017,0
yancy blowe,2014,0
juan rodriguez,2015,0
juan hernandez,2019,0
frank lupo,2016,0
shauntelle nelson,2018,0
michael duffy,2015,0
namel holguin,2017,0
concepcion robles,2014,0
orlando sanchez,2015,0
harrison paperman,2018,0
mark kosta,2017,0
korey pinto,2018,0
thomas chiusano,2016,0
aaron husbands,2019,0
stacey coulter,2015,0
brian costello,2016,0
james woods,2016,0
diana mccafferty,2017,0
elvin pichardo,2018,0
thomas weil,2017,0
anthony alvino,2017,0
max rolffot,2014,0
matthew mancuso,2016,0
lorenzo jones,2019,0
raymond aquino,2015,0
brian risano,2016,0
robert martinez,2015,0
tyler ryan,2018,0
christopher pierre,2018,0
giovanni fini,2014,0
mike suarez,2018,0
ade ajasa,2016,0
andre mazyck,2016,0
matthew aiello,2018,0
dennis walsh,2015,0
matthew coates,2015,0
hekmatullah mukhtarzada,2017,0
jack antunes,2016,0
melissa quinones,2014,0
david grieco,2016,0
frank baldo,2014,0
christopher diaz,2019,0
richard browne,2016,0
pedro lezcano,2019,0
ramon rodriguez,2019,0
alejandro valderrama,2015,0
dominic ruggiero,2015,0
uriel lames,2017,0
william taylor,2017,0
deon ayala,2014,0
keith laliberte,2014,0
christophe biondo,2017,0
luigi fattizzo,2018,0
christopher esposito,2015,0
paul marconi,2017,0
christopher oconnor,2017,0
joseph dipaolo,2018,0
thomas geberth,2016,0
starlin dominguez,2015,0
sean walsh,2019,1
james thomas,2014,0
hector vargas,2018,0
ariel gonzalez,2019,0
terrance lloyd,2016,0
matthew escudero,2015,0
salvatore mannino,2018,0
raul torres,2015,0
christopher burton,2014,0
anthony sarrica,2016,0
alexandros kalogiros,2016,0
james sepulveda,2017,0
joseph franzese,2017,0
aramis ramos,2017,0
bashiek collins,2017,0
brian montross,2019,0
delvis garcia,2015,0
andres zambrano,2019,0
sergio carrillo,2019,0
flavio rodriguez,2018,0
duvaughn clacken,2017,0
daniel martinucci,2017,0
darrien king,2014,0
raymond higgins,2014,0
vitaliy zelikov,2015,0
sandy rodriguez,2015,0
michael lopuzzo,2015,0
dwayne dawkins,2016,0
jason conway,2015,0
alnorman duncan,2018,0
eric dustin,2018,0
kenneth darlington,2019,0
lauren ferrer,2016,0
sean gardner,2018,0
michael sinclair,2019,0
kevin morgan,2017,0
john wellbrock,2018,0
manolis kambouris,2019,0
rashied mcintyre,2016,0
francesco allevato,2014,0
conway hughes,2016,0
neil phillips,2019,0
cornelius oshea,2015,1
daniel robbins,2014,0
mark brinadze,2017,0
janine sartini,2019,0
james talbert,2019,0
brendan hannon,2019,0
frank galia,2015,0
derek jaffe,2017,0
brian ilund,2016,0
jason zeikel,2018,0
alexander gonzalez,2014,0
andrew alvarado,2019,0
timothy borock,2018,0
joseph grillo,2014,0
james mcsherry,2015,0
paul dawkins,2018,0
kenneth jefferson,2016,0
fernando gonzalez,2015,0
chase maneri,2016,0
christophe leonard,2019,0
james donovan,2015,0
yaw asare,2018,0
jason saturnin,2015,1
james wilson,2016,0
christopher harrington,2019,0
ronald scrimenti,2018,0
carlos paredes,2016,0
juan nunez,2019,0
philip bouchet,2019,0
amanda portalatin,2016,0
devin baker,2014,0
michal wiech,2018,0
andrea lorenzana,2014,0
thomas mcbride,2016,0
edward stackpole,2014,0
alejandro manzano,2014,0
eric giuliani,2019,0
daniel ludemann,2018,0
tracey duncan,2014,0
robin taveras,2019,0
christopher peroni,2017,0
rainard wroten,2019,0
francisco diodonet,2016,0
jovanni jennings,2015,0
noel alphonso,2017,0
nicholas kane,2017,0
joseph petronio,2018,0
mark vazquez,2019,0
hope newcomb,2019,0
tamika jardine,2018,0
christopher kingsley,2016,0
ahsan zafar,2014,0
jason acevedo,2016,0
ernesto bautista,2015,0
katherine osipowich,2019,0
jonathan jastemski,2017,0
michael rubino,2016,0
marycatherine nashlenas,2018,0
matthew coates,2017,0
simran james,2017,0
clevance dawkins,2018,0
edson delva,2017,0
paul illowsky,2017,0
adeola seidigbamuse,2019,0
cory smith,2014,0
elvis merizalde,2014,1
richard brown,2014,0
antonio jimenez,2019,0
nicholas kowatch,2019,0
brett schantz,2019,0
kevin desormeau,2014,0
paul abraham,2016,1
thomas chan,2015,0
nicholas norris,2019,0
jennifer alvarado,2018,0
vincent caprino,2019,0
philip ditto,2018,0
james caputo,2018,0
steve lafortune,2016,0
asim karim,2018,0
steven brown,2014,0
shawn romero,2018,0
marisol torres,2018,1
joseph power,2018,0
eric bernard,2018,0
daniel scalici,2018,0
lina lopez,2016,0
gianfranco berlingerio,2015,0
chon huang,2017,0
nestor batista,2019,0
charles odekirk,2017,0
guillermo cruz,2019,0
douglas ayres,2016,0
elizabeth stevens,2018,0
paul ortiz,2019,0
stephani sanchez,2014,0
chase maneri,2015,0
jimmy quinones,2018,0
fadi albishara,2019,0
horace gilkes,2015,0
jonathan colon,2019,0
sean lynch,2014,0
richard romance,2014,0
carlos pimentel,2016,2
eric giuliani,2014,0
erik easterbrook,2015,0
larry meyers,2019,0
andre perez,2014,0
mervin turnbull,2018,0
colin higgins,2018,0
edward theriault,2017,0
raymundo flete,2018,0
john dasaro,2019,0
daniel gines,2018,0
brian doherty,2019,0
mathew john,2017,0
johana rios,2015,0
frank lorello,2015,0
melchor alban,2015,0
pivatchai jetjomlong,2017,0
oliver castillo,2018,0
william reddin,2014,0
james otterbein,2016,0
chi leung,2016,0
kyle riegel,2017,0
kevin brennan,2017,1
christopher campbell,2015,0
antonio caleca,2017,0
william mansour,2018,0
horacio delgado,2016,0
ferdi memedoski,2016,0
justin adetimirin,2019,0
felix baez,2017,0
jonathan virtuoso,2016,0
david grieco,2017,0
thomas sheehy,2016,0
dmitriy shery,2014,0
shantell mckinnies,2016,0
darrel oneill,2014,0
junsun park,2017,0
juan moreno,2018,0
anatoli eltsov,2015,1
pedro ramos,2019,0
christophe harrington,2016,0
ryan oswald,2019,0
matthew demaio,2019,0
sandra martinez,2019,0
john brennan,2018,0
richard napolitano,2019,0
florin alexandru,2019,0
donald hook,2018,0
jonmichael delarosa,2015,0
matthew marks,2015,0
felix rodriguez,2016,0
thomas smith,2016,0
michael scally,2016,0
christopher boria,2018,0
anthony pepdjonovic,2018,0
barbara sullivan,2014,0
claudio paula,2016,0
john gonzalez,2015,0
luilly vargas,2017,0
anthony sica,2018,0
alan lee,2019,0
joseph lavelle,2015,0
victor sadarangani,2017,0
joseph algerio,2018,0
charles rivera,2016,0
joseph foss,2019,0
jonathan massas,2015,0
stephan carr,2019,0
marco gomezcoello,2019,0
michael whelan,2017,0
daniel connors,2018,0
jose cadavid,2019,1
eric johnson,2018,0
carlos santiago,2017,0
clyde moyer,2016,0
brad scala,2016,0
derek epstein,2018,0
edward oconnell,2018,0
carlos gonzalez,2018,0
leonardo viera,2018,0
allan ward,2019,0
charles mammarella,2017,0
alex morocho,2017,0
ariel marte,2016,0
jose diaz,2018,0
reuben antwi,2014,0
crystal beckford,2018,0
christopher schlitt,2016,0
jorge tricoche,2014,0
eleodoro mata,2014,0
frank ingrao,2017,0
hanu kurian,2018,0
joseph degirolamo,2016,0
christopher arena,2017,0
nicholas garvey,2015,0
ryan hoffmann,2014,0
howard kwok,2018,0
john kountouris,2014,0
robert weinberg,2019,0
alfredo brewster,2019,0
diery louis,2015,0
flaviana lopez,2016,0
gerard sawicki,2016,0
dennis harrigan,2017,0
zulfiqar ahmed,2018,0
brice sheppard,2015,0
sean liscoe,2015,0
moses charles,2014,0
juan rodriguez,2014,0
michelle anthony,2017,0
ashley chow,2019,2
patrick lynch,2016,0
kaisean branche,2014,0
jeffrey szalkowski,2014,0
jorge sanabria,2014,1
luis rodriguez,2015,0
james foy,2019,0
benito cruz,2018,0
justin ortiz,2019,0
kevin llerena,2016,0
emmanuel valerio,2016,0
sara paulino,2017,0
tatmeng vong,2018,0
richard velez,2019,0
jason stocker,2017,0
monica gorman,2019,0
ricki smith,2016,0
edmund kocienda,2018,0
greg desideri,2015,0
francis conejo,2017,0
alexander taveras,2018,0
james tasevoli,2016,0
eddie martins,2015,0
alldon verdejo,2016,0
brian ricci,2017,0
oscar mancilla,2019,0
john gunn,2018,0
edward bogucki,2019,0
scott defalco,2018,0
james sgaglione,2017,0
edward najarro,2014,0
senta caleb,2019,0
tonica corlette,2016,0
jack dagnese,2015,0
michael mccaffrey,2014,0
michael bletcher,2018,0
derick singh,2017,0
michael gargano,2019,0
philip smith,2019,0
edward vavruick,2017,0
michael mcauliffe,2016,0
vasyl filchukov,2018,0
terence walsh,2019,0
david pierson,2019,0
joseph signorile,2016,0
daniel baca,2016,0
diery louis,2014,0
joshua ganshaw,2019,1
william fernandez,2019,0
paul bistany,2017,0
john tepedino,2018,0
stephen cambria,2019,0
stephanie toussaint,2017,0
joseph tompkins,2014,0
manish sharma,2019,0
jose rosario,2019,0
john sanchez,2019,0
nelson figueroa,2016,0
catherine hernandez,2017,0
anaritza gonzalez,2015,0
michael fleming,2018,0
peter ramos,2018,0
daniel tucker,2018,0
matthew ficano,2014,0
katrina forrester,2016,0
edward groger,2016,0
cesar pazmino,2014,0
omar galindo,2016,0
elio chianetta,2017,0
john massari,2017,0
michael hernandez,2016,0
richard harris,2017,0
kelvin nunez,2017,0
robert wojnicki,2018,0
jonmichael raggi,2014,0
javier lopez,2014,0
gregory smith,2014,0
john facchini,2017,0
celine diaz,2017,0
oliver balena,2016,0
michael hansson,2018,0
javier velez,2016,0
edward murray,2019,0
john fattorusso,2016,0
jason treglia,2016,0
john ogorman,2016,0
rafael santos,2019,0
anthony bagarozza,2017,0
patrick douglas,2018,0
michael wolfe,2016,0
justin damico,2014,0
robert pumilia,2015,0
michael martinez,2015,0
christian diaz,2016,0
michael mcgovern,2015,0
robert miceli,2018,0
james shields,2016,0
vikram angadi,2019,0
shaun ryan,2019,0
michael quinones,2016,0
craig sikorski,2018,0
emmanuel etienne,2017,0
rene bersamin,2017,0
jamal jamison,2016,0
fredelinda pena,2014,0
christopher siani,2019,0
hekmatullah mukhtarzada,2019,0
danilo cruz,2014,0
david grieco,2018,0
paul mastronardi,2016,0
claudio velez,2014,0
edward lenis,2018,0
bryan wilson,2018,0
gustavo rosado,2016,0
david brady,2018,1
nasser alsubai,2019,0
jamaal arthur,2015,0
franklyn enoe,2017,0
brian hillmann,2014,0
nikaurys martinez,2018,0
nestor lozano,2017,0
michael diskin,2018,0
nicholas salvadori,2019,0
charles arnone,2014,0
pablo flores,2015,0
jason roemer,2019,0
michael mccarthy,2018,0
joseph ierna,2015,0
nicola ventre,2016,0
shawn phillips,2015,0
kristen caldararo,2017,0
dang nguyen,2019,0
david zayas,2016,0
robert brower,2019,0
julio vasquez,2018,0
billy valerio,2016,0
victoria bohanan,2018,0
jared faber,2017,0
rosa almonte,2019,0
vincent ciardiello,2014,0
melissa veliz,2015,0
christopher collazo,2014,0
stanley mateo,2017,0
anthony longobardi,2016,0
cynthia rodriguez,2018,0
thomas carter,2015,0
james romano,2015,0
gary maher,2014,0
charles hyland,2015,0
matthew palmerini,2017,0
wilson rodriguez,2019,0
bernard hayes,2015,0
benito intravaia,2019,0
craig zimmer,2017,0
tammie garcia,2014,0
mark berdichevskiy,2014,0
anthony sasso,2016,0
victor yee,2016,0
brandon velez,2017,0
sesame james,2019,0
maurice oconnor,2016,0
christopher maxwell,2015,0
ricardo dorilus,2018,0
joseph schneider,2015,0
william taylor,2015,2
edwin lau,2018,0
thomas chan,2018,0
michael misilewich,2016,0
adrian perez,2018,0
paulius simulevicius,2018,0
alexandry montero,2016,0
richard carrera,2018,0
frank giunta,2018,0
freda yeboah,2015,0
ryan olsen,2016,0
michael bletcher,2016,0
avinash patel,2017,0
arthur beal,2016,0
kenneth lechner,2019,0
ming chen,2016,0
pawel lachowski,2015,0
paul bartelotti,2017,0
brett woodard,2019,0
guerline cadet,2015,0
richard braun,2016,0
francis noonan,2016,0
michael kenefick,2017,0
anthony donato,2015,0
james moussa,2019,0
andre morris,2016,0
james rivera,2014,0
leon batson,2017,0
charles volante,2016,0
michael loosen,2015,0
waliur rahman,2014,0
michael duggan,2015,0
zhan chen,2015,0
warren rohan,2014,0
kristopher wood,2014,0
marcin drozniak,2015,0
favio quizhpi,2019,0
matthew deighan,2018,0
michael gonzalez,2018,0
shaun bertin,2016,0
jimmie moore,2014,0
james buscemi,2015,0
roberto oviedo,2014,0
ernest leroy,2015,0
rachid benlhoussain,2017,0
christine winter,2015,0
lorraine fuentes,2016,0
joseph spina,2019,0
steven tesoriero,2017,0
rudolf lumezi,2017,0
nicholas viruet,2017,0
jessica ricotta,2017,0
james burke,2018,0
amylou giannelli,2019,0
lawrence russo,2018,0
michael genovese,2014,0
andrew smith,2017,0
franky joseph,2014,0
gelono joshua,2014,0
colin kogan,2017,0
michael ustick,2016,0
mohammed hotaky,2016,0
alfredo sanchez,2014,0
robert yeaman,2016,0
brian hughes,2018,0
christopher ascazubi,2016,0
michael losada,2017,0
sajjad martin,2016,0
daniel gukelberger,2015,0
thomas napolitano,2016,0
rodney greenidge,2017,0
michael desetto,2018,0
samuel hui,2014,0
richard carpenter,2014,0
gregory rittenhouse,2019,0
michael duggan,2018,0
michael hance,2014,0
jason frederick,2015,0
john loreto,2018,0
sergio melendez,2017,0
valerie rivera,2016,0
katherine marsh,2016,0
latrice mcfarland,2019,0
christopher mcgee,2016,0
abel lopez,2019,0
ralph clement,2016,0
salvatore sillitti,2014,0
steven echevarria,2018,0
caleb rauscher,2019,0
steven hall,2014,0
genine oneill,2014,0
lukasz solis,2017,0
erek powers,2017,0
angel vazquez,2015,0
robert velsor,2018,0
antonino lopiccolo,2018,0
henry rivera,2019,0
todd shea,2019,0
emmanuel portorreal,2019,0
marco libongco,2018,0
thomas dunne,2014,0
richard dixon,2018,0
julian febres,2017,0
steven navarra,2018,0
david rosenberg,2015,0
vanessa rivera,2016,0
natalie valerio,2017,0
michael dellaquila,2019,0
jimmy wu,2017,0
jere upsher,2017,0
daniel beddows,2015,0
stacey carroll,2019,0
alhadys reyes,2015,0
bryan sorrells,2016,0
johnson jacques,2014,0
elizabeth stevens,2016,0
derek almeida,2017,0
ryan wood,2016,0
david capofari,2014,0
robert pepe,2017,0
marcos oviedo,2018,0
bibek thapa,2018,0
alex cruz,2016,0
joseph rodriguez,2015,0
joseph sotira,2017,0
matthew librizzi,2018,0
benjamin perez,2018,0
jeffrey pfeiffer,2015,0
brett heagneysciamatore,2018,0
joseph carolan,2019,0
christopher siani,2016,0
salvatore ascione,2018,0
jason li,2017,0
aziz sidani,2018,0
peter conti,2018,1
rayna madho,2015,0
eric mazurkiewicz,2014,0
richard danese,2018,0
thomas spinard,2017,0
christopher walsh,2016,0
carlos pages,2018,0
sean donovan,2017,0
michelly rosario,2014,0
james burpoe,2015,0
tony yung,2015,0
marc barrera,2018,0
moses lebron,2017,0
matthew monkowski,2018,0
michael powers,2016,1
laurie moran,2016,0
douglas perez,2018,0
steve cruz,2019,0
timothy slattery,2019,0
lauren brehm,2014,0
christopher cruzado,2014,0
jonpierre dossantos,2015,0
abraham arteaga,2015,0
david franklin,2019,0
ehtasham khan,2014,0
kevin savary,2017,0
kermar mckenzie,2019,0
krute aroonsuck,2014,0
david creely,2016,0
kenneth lechner,2014,0
joseph grigoli,2016,0
andrew sokolohorsky,2017,0
joseph duerr,2017,0
stanislav kushnir,2019,0
christopher haws,2016,0
gabriel echevarria,2015,0
justin dambinskas,2017,0
sophia rodriguez,2016,0
mark holder,2018,0
russell booker,2018,0
tyler ehrlein,2016,0
frank ryan,2018,0
joseph marquez,2019,0
joseph villalta,2016,0
tracey rooney,2019,0
cindy paulino,2018,0
fernando rodriguez,2015,0
michael radosta,2016,0
mark bernard,2014,0
christian pinard,2016,0
daniel feldman,2018,0
garen igityan,2019,0
john echevarria,2019,0
neil narayan,2019,0
scott edwards,2017,0
adam elmaadawy,2016,0
daniel murphy,2015,0
jonathan sordellini,2018,0
jonathan azzaro,2016,0
ana cress,2016,0
james coughlin,2018,0
joseph klubnick,2015,0
darren caranella,2018,0
florence delince,2015,0
terrance smalls,2016,0
anowar hossain,2019,0
christopher holihan,2017,0
david robinson,2014,0
matias franco,2018,0
gerardo urbaez,2015,0
jay poggi,2018,0
edward mcdonough,2018,0
walter feit,2014,0
jelani mills,2016,0
nicholas verderosa,2016,0
jeff zeluff,2014,0
idris mojeed,2014,0
tomas castro,2014,0
michael fratangelo,2017,0
sameh ouji,2016,0
freddy chalen,2019,0
thomas redmond,2019,0
jose caban,2014,0
robert bernhard,2016,0
michael leclair,2019,0
miguel marte,2014,0
michael napolitano,2019,0
michael reale,2019,0
eric ortiz,2014,0
james reilly,2016,0
jonathan silvetti,2015,0
robert wagner,2017,1
patrick cortright,2016,0
michael cangelosi,2019,0
colin higgins,2019,0
michael rothschild,2017,0
vincenzo trabolse,2018,0
dennis zhang,2018,0
dennis samuels,2017,0
sean cox,2018,0
daniel trione,2016,0
daniel edenfield,2018,0
mark ferranola,2019,0
vincent piselli,2015,0
gesly jean,2016,0
angel badillo,2015,0
philip depasquale,2014,0
phillip johnson,2019,1
anderson thimote,2019,0
fernando caches,2018,0
kevin church,2017,0
giacomo sciuto,2016,0
nicholas murray,2015,0
jeannette rivera,2018,0
kimberly jimenez,2016,0
paula aguero,2014,0
victor torres,2014,0
shakeena robinson-coombs,2019,0
anthony pala,2019,0
jonathan villegas,2014,0
joseph ciatto,2014,0
ronnie velez,2014,0
griffin rosen,2017,0
jared pilkington,2016,0
joongsuk hwang,2015,0
kelly merrick,2017,0
sean kinane,2014,0
ronnie caraccioli,2018,0
dudley ewald,2017,0
joseph swicicki,2014,0
malik wright,2014,0
alex baran,2015,0
john mavridis,2019,0
james piscopo,2016,0
rafael perez,2014,0
timothy lake,2017,0
jhoan lozano,2018,0
christopher gargano,2015,0
kristi skehill,2015,0
brian byrnes,2016,0
edward mcclain,2018,0
michael korabel,2015,0
dean rivera,2018,0
jason vargas,2018,0
brianna asselta,2019,0
richard ruiz,2018,0
stephen jones,2019,0
michael diaz,2017,0
thomas accomando,2016,0
stephen proscia,2019,0
michael greaney,2016,0
keith hum,2018,0
jason munroe,2015,0
tristian latimore,2014,0
miguel nunez,2015,0
david camacho,2018,0
michael rhome,2018,0
alexander allen,2017,0
christopher adinolfi,2017,0
robert altieri,2019,0
jason kwan,2018,0
alexander chateau,2015,0
ruben marte,2017,0
kristina lopez,2018,0
christopher kanhai,2016,0
richard mcknight,2018,0
richard light,2017,0
otis casey,2015,0
andrew bocchieri,2016,0
ismael perezortiz,2018,0
sean williams,2016,0
jake roher,2017,0
crystal zalaznick,2017,0
salvator maida,2018,0
joseph grubert,2019,0
joseph orecchio,2014,0
amanda sahagian,2018,0
anthony cassase,2019,0
joseph unterkofler,2015,0
abel lopez,2018,0
lawrence fiorello,2015,0
fred washington,2016,0
wojciech bagan,2018,0
kevin seidita,2018,0
tarakur chowdhury,2016,0
frankie soler,2015,0
lionel perales,2015,0
earl quinones,2014,0
jonathan kramer,2014,0
john weinum,2015,0
jean luna,2017,0
anson lancaster,2018,0
philip marks,2014,0
creel brown,2019,0
nina mckenzie,2015,0
christian angeron,2019,0
henny fernandez,2018,0
natalie cotter,2015,0
griffen sheridan,2018,0
mark sinatra,2015,0
kevin mockel,2015,0
alan avella,2016,0
daniel caparelli,2017,0
marcy velez,2018,0
george mastrokostas,2018,0
roy escalante,2018,0
salvatore guardi,2018,0
roy simmons,2015,0
charles powell,2018,0
daniel song,2015,0
michael lazarou,2015,0
cyril abraham,2017,0
jonathan burke,2015,0
derrick boyd,2014,0
michael fitzpatrick,2016,0
louis chen,2017,0
sam houari,2015,0
george mastrokostas,2017,0
john baumeister,2017,0
jonathan thomas,2014,0
juan hernandez,2014,0
robert delaney,2016,0
davon alston,2019,0
kenneth brown,2016,0
bryan cullen,2018,0
patrick duffy,2015,0
oscar quezada,2018,0
steve richards,2017,0
anthony moon,2016,0
shalesse hurleyyearwood,2017,0
derek sambolin,2014,0
johnny lawrence,2014,0
james holder,2019,2
gary aaronson,2016,0
matthew langone,2019,0
scott henry,2017,0
maurice richardson,2018,0
brandon ravelo,2017,0
francisco vega,2016,0
jonathan vasquez,2016,0
carlos paredes,2019,0
kraig batkiewicz,2019,0
kamil pac,2016,0
audon simpson,2017,0
matthew lieberman,2018,0
bryant villegas,2019,0
warren savage,2014,0
brett strauss,2018,0
edwin montanez,2019,0
christopher lembo,2018,0
edwin lau,2015,0
viktoria fiandola,2018,0
zachariah flaiz,2016,0
luis alicea,2016,0
matthew manchester,2015,0
demetrio degregorie,2014,0
eduardo roche,2015,0
robinson martinez,2016,0
alexander wancel,2017,0
trevor wisz,2018,0
anthony pobega,2019,0
charles ingrassia,2016,0
karin martinez,2015,0
eric delman,2017,0
ryan monteleone,2018,0
devon hudson,2016,0
darren rock,2017,0
john kenny,2018,0
sekou bourne,2018,0
richard hoda,2016,0
reinaldo alvarez,2018,0
ian wallace,2019,0
michael vitale,2015,0
scott blennau,2014,0
daniel collazo,2019,0
denise sezer,2018,0
daniel castaldo,2017,0
daniel vasconcelos,2018,0
rosalie joseph,2014,0
tomas janciauskas,2019,0
kevin harding,2019,0
karla arvayo,2017,0
sam russo,2015,0
mayko matos,2016,0
arsenio camilo,2014,0
rosemary wanzer,2016,0
raquel kamintzky,2014,0
johnathan lazzaro,2014,0
james morales,2017,1
jiayi wang,2017,0
kevin viola,2018,0
shelly peralta,2019,0
peter curran,2014,0
christopher robley,2014,0
michael cautillo,2015,0
ali alomaisi,2018,0
thomas guy,2017,0
franklin perez,2016,0
jason wolfenhaut,2014,0
robert mcgee,2015,0
richard wecera,2014,0
kenneth braumann,2016,0
fred dorch,2018,0
alexander seda,2017,0
joseph king,2015,0
michael tarulli,2017,0
fredery alvarez,2019,0
adnan radoncic,2015,0
michael mccaffrey,2015,0
nicholas dellatacoma,2014,0
dana ladson,2016,0
pinyo saitep,2016,0
craig macy,2018,0
edward mcgann,2016,0
ryan odea,2015,0
nidhin abraham,2019,0
jeremy grossman,2015,0
jason palamara,2017,0
katia jasmin,2018,0
patrick leone,2019,0
ilya nikonov,2016,0
james fenko,2019,0
steve lafortune,2015,0
anthony waite,2019,0
april maxwell,2017,0
manuel gomez,2015,0
michael disanto,2017,0
martin langan,2016,0
xavier williams,2015,0
abel lovera,2018,0
james stalikas,2016,0
william miller,2018,0
lawrence russo,2019,0
humberto kibel,2017,0
roderick martin,2019,0
rongshong xian,2018,0
iftekharul awal,2017,0
christophe ottomanelli,2014,0
christopher perez,2019,0
yoan delacruz,2016,0
rhea tiwary,2019,0
marcel francis,2018,0
natalie cotter,2014,0
jose camacho,2016,0
michael lunetta,2016,1
daniel watson,2014,0
thomas cancilla,2017,0
davit osmanovic,2018,0
daniel keating,2014,0
jakia morton,2018,0
brian muldowney,2016,0
james stgermain,2015,0
daniel lacalamita,2014,0
felix acosta,2019,0
christopher montera,2018,0
nicholas budney,2014,0
dylan mattern,2019,0
berat bicakci,2018,0
stephen napolitano,2018,0
lynn ruger,2018,0
sandeep thomas,2016,0
michael baldofsky,2016,0
frank gagnon,2018,0
albert yung,2014,0
angel rolon,2018,0
juan rosario,2017,0
charles gove,2015,0
francisco garcia,2018,0
artur espenberg,2016,0
john anastasakos,2014,0
donmartin atienza,2015,0
brian cohen,2016,0
gregory antonelli,2018,0
francis clough,2016,0
david elisashvili,2017,0
elijah saladeen,2017,0
terrance mccall,2014,0
dharlyn vasquez,2017,0
dmaine freeland,2019,0
milton sanchez,2014,0
devon davis,2017,0
jason bianchini,2014,0
kristian flood,2016,0
besnik bojkovic,2018,0
carlos gomez,2017,0
anthony canale,2014,0
keville caesar,2019,0
william parker,2014,0
jorge caraballo,2018,0
yasmel manzanillo,2018,0
jasmine sweat,2019,0
karl eckert,2014,0
gregory carty,2016,0
milton ortiz,2018,0
bienvenido castillo,2018,0
jason barish,2016,0
charles lancellotti,2019,0
jonathan gonzalez,2019,0
stacy chavis,2018,0
josue souffrance,2015,0
majid almontaser,2016,0
jeffrey chin,2018,0
nicholas romanelli,2018,0
byran pitts,2019,0
michael kleber,2015,0
john keane,2016,0
christopher distefano,2017,0
albert brust,2017,0
michael gotovich,2015,0
michele joseph,2014,0
carlos arrecis,2018,0
brendan dono,2018,0
mark magrone,2016,0
creel brown,2014,0
zureno wilson,2018,0
hongming peng,2016,0
nicholas hom,2019,0
blase gorcsos,2019,0
andrew kruglov,2016,0
tawee theanthong,2015,0
adam quiles,2015,0
mohammed donzo,2015,0
abiola browne,2017,0
brian costello,2018,0
anthony terilli,2017,0
letitia monge,2019,0
viviana segovia,2018,0
kirk williams,2019,0
dwayne leeshue,2014,0
robert mciver,2017,0
jay santana,2016,0
joseph decandia,2017,0
peter toale,2017,0
john migliaccio,2018,0
jose delacruz,2018,0
gregory welch,2018,0
eric travieso,2015,0
oldophe romulus,2014,0
michael lubomski,2016,0
winfred carmona,2015,0
thomas yang,2014,0
christophe roche,2017,0
gennaro russo,2014,0
michael schulman,2015,0
dominick libretti,2014,0
emiljana gjikolaj,2019,0
fabian nembhard,2019,0
robert rohs,2014,0
deonarine mangroo,2016,0
allanronald caranay,2017,1
phillip johnson,2016,0
william clinton,2015,0
shayne williams,2018,0
yevhen bizhko,2019,0
timothy cote,2015,0
kevin nunez,2016,0
natia kalandadze,2018,0
nia kirkland,2014,0
avidan santiago,2014,0
jared ock,2018,0
jason portee,2015,0
justin simms,2016,0
jean woods,2015,0
anthony taccetta,2016,0
brian risano,2019,0
william ditomaso,2014,0
carlos ellis,2014,0
joseph cuervo,2015,0
graham emburey,2014,1
steven perez,2019,0
jay rivera,2014,0
justin allen,2014,0
john mitchell,2015,0
jessica riveracaicedo,2016,0
rafael figueroa,2018,0
mariano bulfamante,2015,0
shawn moynihan,2014,0
john baggs,2018,0
dustin levi,2017,0
peter guiheen,2014,0
joseph sotira,2016,0
brian benvenuto,2014,0
jose romero,2015,0
gregory fink,2016,0
genaro barreiro,2014,0
miroslav maric,2017,0
joseph schwaner,2017,0
fidel santiago,2018,0
elvin gashi,2014,0
william melrose,2014,0
ryan oconnor,2019,0
hamlet hernandez,2014,0
joseph dionisi,2019,0
christopher crain,2018,0
salvatore annunziata,2019,0
victor robalino,2014,0
rosario castellano,2019,0
wilfredo benitez,2018,0
jorge carvajal,2016,0
edgar clases,2014,0
stephen damico,2014,0
richard morse,2016,0
brian kovarik,2016,0
sean inman,2019,0
steven marksberry,2014,0
daniel sitruk,2014,0
christopher feely,2014,0
dervent williams,2016,0
eric dipaolo,2018,0
thomas bates,2018,0
devin shanley,2019,0
tia stephenson,2018,0
michael fratangelo,2018,0
derrick moyer,2019,0
andres toribio,2018,0
thomas gallagher,2015,0
anthony irizarry,2015,0
robin taveras,2018,0
eric cavallo,2018,0
iniabell torres,2014,0
kyle stanley,2015,0
john mchugh,2018,0
peter borisenko,2017,0
jaime angulo,2014,0
jose cepeda,2019,0
hector figueroa,2017,0
daniel castillo,2016,0
michael perez,2016,0
dimitrios xanthopoulos,2017,0
mark kwon,2018,0
joseph delsante,2015,0
andrew murphy,2017,0
peter rose,2019,0
john mccrossen,2017,0
michael sigismondi,2019,0
raymond gordon,2016,0
mariusz nowak,2016,0
pedro rivera,2015,0
shaun healy,2016,0
anthony donato,2016,0
gobinjee bania,2015,0
robert musolino,2018,0
daniel sendrowski,2017,0
matthew hunter,2014,0
thomas geberth,2018,4
david ramos,2015,0
alfonzo larue,2015,0
andres mejia,2014,0
matthew vorraro,2017,0
harrison paperman,2016,0
kevin henry,2015,0
thomas day,2014,0
anthony bomparola,2018,0
kenneth logallo,2014,0
james lamb,2016,0
abul miah,2018,0
keithlyn frederick,2016,0
brian coffey,2014,0
jessica ardolino,2015,0
oscar paredes,2019,0
michael haigh,2018,0
malinda walker,2018,0
harish mansharamani,2014,0
edward garcia,2016,0
juner cevallos,2016,0
richard charles,2014,0
gary messina,2015,0
adnan pasha,2017,0
jimmy perez,2016,0
yvonne barnes,2018,0
ivette cresporoman,2017,0
jorge pujols,2014,0
scott obenauer,2017,0
geronimo tyrell,2018,0
emily harris,2019,0
eric cruz,2017,0
raymond ng,2016,0
larry meyers,2015,1
gregory long,2015,0
howard kwok,2019,0
stephen russo,2015,0
brian greco,2017,0
john ryan,2014,0
joseph runfola,2018,0
lawrence sanchez,2016,0
john lewis,2019,0
ricardo lewis,2017,0
vladimir garcia,2015,0
mark kistoo,2016,0
richard luciani,2019,0
nakisha bogle,2019,0
kenneth melendez,2019,0
david salazar,2014,0
edwin soto,2016,0
jonathan bourne,2017,0
vincent diforte,2014,0
john shapiro,2018,0
edward carrasco,2018,0
carl scogmanillo,2019,0
omar birchwood,2018,0
fred jones,2017,0
warner gomez,2016,0
briana donovan,2017,0
craig wright,2019,0
nicholas long,2019,0
cesar alvarez,2016,0
donald sadowy,2015,0
melissa rodriguez,2016,0
albert yannucciello,2016,0
marcin steckiewicz,2017,0
james grant,2017,0
joseph uvenio,2016,0
pagiel clark,2014,0
james gale,2017,0
mark ward,2016,0
erick garcia,2018,0
leonardo nimo,2019,0
evan mele,2017,0
frank fiorenza,2017,0
tamara mclamb,2019,0
elvisa bektesevic,2019,0
mallory paige,2016,0
jorge castro,2014,0
justin valeo,2017,0
april maxwell,2016,0
thomas parco,2014,0
brian kinkaid,2018,0
francisco aviles,2017,0
daniel blanchfield,2015,0
matthew edwards,2015,0
jeanne williams,2014,0
brian moore,2014,0
nicholas petrelis,2016,0
daisy rivera,2014,0
joseph loiacono,2017,0
joseph king,2016,0
laurie smith,2016,0
brian cohen,2018,0
argelis rodriguez,2015,0
safayath jamil,2019,0
michael tine,2017,0
frederic ortiz,2015,0
daniel gerardi,2018,0
david lambert,2014,0
javier colon,2016,0
robert amaty,2019,0
royce poblete,2017,0
giuseppe oliveri,2019,0
adam dumelle,2016,0
nelson pabon,2015,0
rochener gilot,2015,0
coral pena,2019,0
edmond avdiu,2016,0
moses jang,2014,0
fabian nembhard,2016,0
wilfredo benitez,2017,0
matthew shaw,2018,0
richard gadson,2015,0
lewellyn alvarez,2016,0
jawuan hubbard,2014,0
jordan lomba,2015,0
thomas bartlett,2018,0
gerard delprete,2015,0
david capofari,2016,0
shawn liriano,2014,0
starlette gillespie,2017,0
alexandre tilan,2017,0
stephen faber,2014,0
john zanca,2019,0
martin mcbride,2017,0
paul velez,2015,0
james burns,2019,0
john ouellette,2019,0
pasquale dethomas,2019,0
thomas gagliardi,2019,0
trea emanuel,2018,0
richard vomero,2015,0
jacky wong,2017,0
john vera,2015,0
xavier gonzalez,2015,0
dennis friendly,2017,0
sean collins,2014,0
fazle tanim,2018,0
stephen monroe,2014,0
jose delrosario,2014,0
thomas rao,2017,0
roben kikirov,2017,0
joseph dolan,2016,0
martin rowley,2016,0
ryan fais,2014,0
harry pakiakis,2018,0
genesis bueno,2016,0
stephen weber,2015,0
ryan cackowski,2019,0
alen mariano,2019,0
matthew rosato,2016,0
jerry thompson,2018,0
mihai tudor,2016,0
vincent ritell,2014,0
travis tergesen,2015,0
michael gonzalez,2016,0
stephen solcany,2016,0
ilan marhasin,2018,0
bilal ates,2014,0
thomas reed,2014,0
patrick odonnell,2019,0
joshua zucker,2019,0
david gomes,2014,0
wilson castillo,2018,0
america jacquezventura,2016,0
serbay gobelek,2019,0
jens maldonado,2015,0
akm alam,2016,0
christopher diakonikolas,2015,0
brandon gembecki,2017,0
darlene perez,2019,0
stephen sheppard,2015,0
kelly busby,2014,0
christian martinez,2014,0
anthony favara,2014,0
brendan storz,2019,0
eric martinez,2014,0
matthew carson,2016,0
adrian sanchez,2015,0
wilfredo cruz,2016,0
robert falcone,2017,0
john olsen,2017,0
wilfrido dominguez,2016,0
michael mercado,2018,0
vincent setteducato,2018,0
dharlyn vasquez,2016,1
thomas rice,2014,0
ronald urgiles,2018,0
richard schneider,2015,0
michael lam,2018,0
jagdev singh,2017,0
christopher tansey,2017,0
michael mitchell,2014,0
brendan dono,2016,0
stacey ellis,2014,0
tatiana simons,2019,0
naser dzaferovic,2016,0
mark moore,2018,0
roberto melendez,2016,0
william diab,2018,0
julio delgado,2019,0
james quirk,2015,0
juan melo,2014,0
matthew hammond,2019,0
wagner lafleur,2015,0
jorge morban,2018,0
shanee hansler,2018,0
mark carlino,2018,0
jose camacho,2019,0
richard khalaf,2014,0
victor matos,2019,0
doreyda munoz,2017,0
john brennan,2014,0
mariyam maksimchak,2015,1
matthew ferguson,2017,0
anthony defillippo,2018,0
justin pedersen,2016,0
kevin forrester,2016,0
luis lopez,2018,0
bernice pachecomcnally,2017,0
steven oquendo,2018,0
michael baror,2017,0
andres calle,2014,0
harrison kwan,2017,0
daniel garcia,2018,0
liam mchugh,2019,0
anthony taccetta,2018,0
jovan williams,2016,0
tammie garcia,2017,0
dominick scotto,2017,0
pablo taveras,2019,0
daniel palermo,2019,0
franklin perez,2018,0
michael mccarthy,2019,0
edwin blanco,2019,0
tyler howe,2018,0
joseph musarra,2016,0
matthew erdman,2018,0
yilson melendez,2014,0
alessandro negri,2017,0
angel andujar,2019,0
bory echanique,2019,0
dennis castro,2018,0
emmanuel rios,2019,0
angel andujar,2018,0
alexandru boldurvoinescu,2018,0
ritchie baez,2015,0
michael summa,2015,0
edwin cabrera,2015,0
gary marcus,2014,0
cristian duran,2015,0
juan berrio,2014,0
randy torres,2017,0
paul catanzarita,2016,0
david mccann,2017,0
nicki canady,2017,0
lynn zaccaro,2016,0
nanhao chen,2017,0
matthew yasinsky,2019,0
peter johnson,2017,0
andry duarte,2016,0
louis martinez,2016,0
richard polanco,2015,0
mohammad hossain,2017,0
charles cavallaro,2015,0
gabriel baaith,2015,0
kellan oneill,2017,0
akiya david,2014,0
austin denio,2019,0
jason curley,2017,0
joseph arena,2018,0
michael scarano,2018,0
lawrence hotaling,2018,0
suthom ungcharoen,2017,0
craig cohen,2015,0
naikee loomis,2016,0
donald louis,2016,0
olahshina williams,2018,0
jonathan virtuoso,2014,0
michael raso,2015,0
justin douglas,2016,0
eric demery,2017,0
glenn gray,2017,0
diana nerguti,2018,0
ryan cackowski,2015,0
nicholas lagano,2017,0
lyudmila howell,2015,0
daniel velazquez,2015,0
adam gray,2017,0
coty green,2016,0
timothy cote,2014,0
juliet shields,2017,1
james long,2018,0
bernard branch,2017,0
mark lewis,2017,0
kilsi lopez,2017,0
davon wilson,2017,0
jaspreet gill,2015,0
michael ernst,2016,0
steven goldin,2019,0
craig mcgrath,2018,0
rocio nolasco,2017,0
christopher digioia,2019,0
richard weaver,2019,0
brian bartley,2014,0
nicholas rios,2017,0
matthew monkowski,2014,0
ryan walsh,2017,0
adam landesberg,2015,0
joseph cortez,2016,0
joseph demarco,2015,0
john filippi,2014,0
patrick mooney,2014,0
miguel vanbrakle,2015,0
thomas gagliardi,2015,0
john sylvestre,2018,0
dalmin vasquez,2014,0
fitzroy vigilance,2017,0
jamie truglio,2019,0
timothy slevin,2014,0
michael laborde,2019,0
michael magas,2016,0
keith jemmott,2014,0
michael vitale,2016,0
julio roman,2016,0
richard browne,2015,1
daniel ramos,2015,0
andre morris,2018,0
shingru wang,2019,0
christopher pino,2017,0
timothy marx,2016,0
louis capobianco,2014,0
ronald cheng,2017,0
christina rice,2017,0
krystopher valentin,2019,0
jason thomas,2018,0
jolan lewis,2016,0
andre dawkins,2017,0
adriana kizer,2017,0
patricio ovando,2017,0
ravi singh,2015,0
tiffany buccheri,2019,0
richard urena,2015,0
richard katz,2016,0
gordon fraser,2018,0
warren savage,2019,0
steven fursa,2017,0
matthew dowd,2014,0
joseph riccio,2014,0
robinson polanco,2016,0
ahmad saleh,2017,0
randolph penamedina,2018,0
marcos rodriguez,2019,0
amado vargas,2019,0
gregory gianacopulos,2014,0
alfred lobaito,2016,0
christine barrientos,2014,0
anthony chow,2014,0
aneudy rosa,2015,0
kenneth mcgarvey,2017,0
philippe vukosa,2016,0
steven cosentino,2017,0
krzysztof bogdanowicz,2016,0
junior celestin,2014,0
gary cabral,2018,0
manolin molina,2017,0
jeanne mounsey,2017,0
randy kyrk,2016,0
ryan hayes,2016,0
john antoniades,2018,0
octavia white,2015,0
jonathan tracy,2018,0
freddie salas,2018,0
louis caputo,2015,0
rajesh lalwani,2015,0
johnny marquez,2017,0
robert britopozo,2018,0
paul bliss,2014,0
anthony armetta,2018,0
christian pinard,2017,0
terry brienza,2017,0
jafet sori,2016,0
jeffrey gryz,2014,0
joseph signorile,2019,0
deana dupree,2017,0
michael ohalloran,2016,0
angel vazquez,2014,0
scarlett bacca,2017,0
marvin francillon,2019,0
john ottomano,2019,0
andrew amoroso,2018,0
christian allen,2018,0
kristen lopez,2014,0
sherwin ogbewele,2014,0
jermaine scott,2017,0
matthew ferguson,2018,0
justin dambinskas,2016,0
ramiro ruiz,2015,0
mmostayen faysal,2017,0
troycarra powers,2018,0
terry brienza,2015,0
brian devita,2016,0
johnny orellana,2019,0
robert maldonado,2017,0
john wilkinson,2014,0
david johnson,2018,0
conway reivers,2015,0
brian brown,2015,0
paul burns,2018,0
jasmin nikocevic,2015,0
steve lafortune,2014,0
anthony bruno,2019,0
lauren maragni,2019,0
sicelin ortiz,2018,0
diego marin,2019,0
nicholas russo,2017,0
sincerae tinsley,2016,0
christophe maldonado,2014,0
thomas perrotti,2018,0
brandon ravelo,2014,0
jeffrey mota,2014,0
raffie chintamani,2019,0
jamar goddard,2016,0
enrique menendez,2019,0
justin dambinskas,2018,0
william mcnally,2017,0
marcello solano,2018,0
john pedersen,2019,0
tracy newland,2019,0
aheisha grant,2015,0
ryan salgado,2016,0
scott walicki,2019,0
jason maggio,2016,0
mohamed elhanafi,2017,0
stephanie perez,2017,0
jose villafane,2018,0
bolue hui,2016,0
marcelo luc,2014,0
timothy reilly,2017,0
jason lopez,2015,0
christopher mitchell,2019,0
jammie martinez,2014,0
justin charbrut,2016,0
john lamariana,2018,0
francisco maria,2015,0
fernando espindola,2014,0
alexander rapp,2019,0
michael daly,2014,0
ian rule,2016,0
ryan pretty,2016,0
kieran tracy,2018,0
carlos pineda,2015,0
alex mooney,2017,0
kevin ulrich,2016,0
steve higgins,2014,0
kevin kenny,2019,0
ann rivera,2014,0
santo taveras,2017,0
zeeshan taqi,2017,0
willus murray,2016,0
bryan sorrells,2017,0
kevin padilla,2019,0
billy acosta,2018,0
michael kobus,2016,0
philippe sanon,2016,0
jeffrey dumbauld,2016,0
james klimkoski,2018,0
warren williams,2017,0
edwin vega,2016,0
stephen loffredo,2016,0
jessica thomas,2016,0
michael spear,2014,0
emilio ortega,2019,0
elvin gashi,2017,0
steven truglio,2015,0
elvisa egan,2019,0
daniel staffa,2018,0
robert johnson,2019,0
frederick manney,2015,0
carlos romero,2018,0
barinderdeep singh,2017,0
vincent depaola,2015,0
paul robinson,2018,0
michael wolfe,2019,0
robert salerno,2016,0
kristen boyle,2018,0
cory tizzio,2016,0
taylor kraft,2016,0
john moran,2018,0
mathimohan mohandas,2018,0
paul prendergast,2016,0
thomas scalise,2017,0
efrain ayala,2019,0
maurice harrington,2018,0
charles zwilling,2017,0
zulfiqar ahmed,2019,0
michael rodriguez,2014,0
john trotta,2017,0
edward raasch,2016,0
james hickman,2016,0
timothy donohue,2019,0
john soto,2014,0
alula haileselassie,2019,0
jacklyn villanueva,2016,0
radoslaw turowski,2019,0
michael verbrugge,2019,0
christophe seregily,2017,0
carl pattelli,2017,0
richard planamenta,2017,0
andrew ruiz,2018,0
natalie breier,2018,0
julia nazim,2015,0
corey gresko,2015,0
eamonn noonan,2019,0
nodim ahmed,2016,0
michael sambrato,2018,0
jared rothschild,2014,0
john zaccara,2017,0
ansari kalil,2017,0
liam ohara,2018,0
mark brinadze,2015,0
justin lewicki,2017,0
justin grieco,2016,0
james rivera,2017,0
ronald colter,2015,0
miguel acevedo,2016,0
alvin guthrie,2019,0
charles galletta,2015,0
daniel bonamassa,2019,0
catherine kunst,2015,0
teriq grant,2017,0
daniel martin,2017,0
surabi consuegra,2018,0
kenneth francis,2017,0
kevin maloney,2018,0
phil glenn,2015,0
richard dawson,2018,0
resembric altamar,2018,0
liza rodriguez,2016,0
daniel manetta,2017,0
pablo valentin,2018,0
randy chow,2016,0
john parente,2014,0
james pruitt,2014,0
alex chen,2016,0
louis pannone,2014,0
brian goss,2015,0
brian corrigan,2015,0
william rojas,2016,0
scott callahan,2014,0
alex malpica,2015,0
carlos viera,2016,0
tiersa flood,2016,0
felix rodriguez,2019,0
shaun grossweiler,2014,0
alverny tavarez,2015,0
mark tufano,2019,1
stephen damico,2015,0
sherrod stuart,2018,0
christian angeron,2018,0
david mercado,2016,0
ronnie rivera,2018,0
nicholas kourounis,2018,0
daniel lacalamita,2019,0
wilfred martinez,2015,0
joel boyce,2014,0
jessica riley,2019,0
michael farrell,2017,0
stanley mateo,2015,0
mayra daly,2017,0
kathleen grant,2015,0
wagner lafleur,2014,0
andrew campbell,2017,0
joe chen,2014,0
robert dwojak,2014,0
dan ast,2019,0
sean carroll,2018,0
michael doran,2014,0
russell kastin,2017,0
corey graves,2019,0
josue marcelin,2015,0
felix chabanov,2019,0
kevin barnes,2019,0
brian dennis,2017,1
justin allen,2016,0
stephen proscia,2018,0
katherine osipowich,2018,0
farid aliyev,2017,0
deniz saglam,2017,0
benjamin elangovan,2016,0
kenia acosta,2016,0
robert brower,2016,0
carlos serrano,2015,0
chanta mabry,2018,0
brendan cassidy,2014,0
eric alexis,2014,0
victor rosario,2019,0
joseph lafata,2017,0
christian romero,2017,0
richard light,2018,0
nicholas federico,2018,0
kevin volk,2014,0
abir noor,2019,0
ernest urbina,2017,0
sebastian drozniak,2019,0
christine stclaire,2019,0
anthony davila,2015,0
stephen schmitt,2019,0
gregory dolan,2015,0
jason petri,2018,0
justice byrd,2015,0
ahsan zafar,2018,0
omar espinal,2016,0
thomas casey,2015,0
mark brooks,2018,0
jake hoina,2019,0
mayko matos,2017,0
alexandra lang,2019,0
craig cohen,2017,0
robert ramirez,2016,0
jesus colon,2016,0
albert cabello,2014,0
salvatore vieni,2015,0
michael remy,2017,0
diana kaouris,2018,0
francis depalma,2014,0
michael greaney,2015,0
michael eschmann,2017,0
leechau wai,2014,0
margarette desir,2015,0
christophe rivera,2015,0
pablo dejesus,2016,0
justin jamison,2014,0
delilah beniquez,2018,0
kenneth staller,2017,0
thomas warkenthien,2015,0
marc loyola,2016,0
kevin donnelly,2016,0
ricky ransom,2017,0
carlos deleon,2015,0
marlon key,2018,0
richard pierrefrancois,2017,0
maria landy,2015,0
christophe richards,2019,0
mariyam maksimchak,2016,0
edward patterson,2017,0
stanislav feldshteyn,2019,0
charles alexander,2018,0
lucius craig,2015,0
sokol karaduzovic,2018,0
anthony biondolillo,2014,0
michael stefanovich,2017,0
james rodriguez,2016,0
thomas mcardle,2018,0
kellyann flowers,2016,0
robert licciardi,2019,0
dudley ewald,2015,0
paul acosta,2018,0
thomas lodico,2017,0
tyrone grannum,2017,0
ernes okanovic,2016,0
ryan puglisi,2019,0
kenneth herz,2016,0
joseph alcoser,2018,2
robert king,2015,0
zachary quadland,2014,0
elvis alcivar,2014,0
paramveer singh,2017,0
daniel pelan,2015,0
dany fana,2015,0
francis depalma,2016,0
philogene breville,2014,0
sean higgins,2018,0
anthony raimone,2017,0
nicholas bruccoleri,2017,0
robert brager,2015,0
william hallahan,2019,0
christopher moroni,2015,0
fidney moise,2018,0
thomas chille,2019,0
rosario castellano,2018,0
bernard corso,2016,0
miguel donovan,2018,0
juby thomas,2016,0
donald harris,2018,0
michael roder,2019,0
thomas martilla,2016,0
steven droluk,2017,0
john prager,2016,0
william graham,2019,0
jonathan navarrete,2019,0
david oyague,2019,0
john raphael,2018,0
hantz muller,2014,0
timothy arthur,2017,0
muhammad mirza,2014,0
michael kennedy,2016,0
christopher orourke,2018,0
hassan darwiche,2016,0
jahaira barriga,2019,0
john manzo,2017,0
barbara fischer,2015,0
pauledwin maurice,2017,0
josue kavanagh,2016,0
joe pulgarin,2015,0
pauleric pizzuto,2014,0
rosemarie saez,2019,0
william chan,2015,1
pedro gomez,2017,0
jerry joly,2016,0
jena leocadio,2016,0
dana ladson,2019,0
sean wolfenhaut,2017,0
esperanza barry,2015,0
john zorrilla,2015,0
roy escalante,2014,0
konstantinos panagiotopoulos,2019,0
jason hernandez,2014,0
kyle erickson,2017,0
christopher welch,2017,0
jose fernandez,2017,0
magdy abdalkwy,2014,0
jonathan hom,2019,0
jared dietzel,2018,0
thomas smith,2017,0
carlos segovia,2016,0
russell bordina,2017,0
richard carpenter,2017,0
stanley macnear,2016,0
michelle figueroa,2018,0
guy gargano,2015,0
sean leach,2019,0
erick flores,2019,0
nelson reyes,2014,0
joseph foss,2018,0
nestor beaume,2016,0
joseph diaz,2017,0
sokratis toumanidis,2017,0
patrick agugliaro,2014,0
edwin montanez,2016,0
kevin carr,2016,0
sorely nunez,2017,0
kelly pierce,2015,0
sabrina palazzo,2014,0
jason martinoff,2018,0
james baez,2015,0
jesse zalewski,2017,0
avidan santiago,2018,0
jeremy rodriguez,2017,0
nicolas savitt,2017,2
raymond low,2017,0
james stalikas,2019,0
angelo cupo,2016,0
ainsley carter,2018,0
jamaal miller,2015,0
john begg,2019,0
thomas lodico,2015,0
michael pomerantz,2019,0
william crowe,2018,0
osvaldo valentin,2014,0
miguel melendez,2015,0
garrett williams,2019,0
david oconnell,2018,0
thomas lawson,2015,0
garthlette james,2015,0
ricardo padilla,2019,0
anyakae shaw,2016,0
johnathan smith,2015,0
robert mcgee,2014,0
ashleigh sofia,2019,0
joseph stokes,2017,0
jolan lewis,2015,0
frank arnedos,2017,0
keith mcgurk,2015,0
christophe salamone,2015,0
jeanclaire storz,2017,0
terrance mccall,2019,0
brian costello,2019,0
gregory ulses,2019,0
jaime rosado,2019,0
jeffrey maira,2014,0
eric kirschenheiter,2016,0
essence jackson,2014,0
juan germanfrias,2017,0
fredy sanchez,2014,0
arismendi mena,2017,0
kevin cooper,2018,0
stefan komar,2016,0
darnell forrester,2016,0
andrew scampoli,2016,0
jorge minier,2014,1
james lee,2016,0
james mchale,2016,0
christopher nieves,2014,0
alexander taveras,2015,0
kenneth clausey,2014,0
kevin mcallister,2015,0
eddie wong,2015,0
filastine srour,2017,0
nelson ayala,2015,0
isiah spence,2016,0
porfirio ramos,2015,0
robert martinez,2017,0
ilya kosilov,2014,0
joseph schneider,2017,0
anthony lamicella,2019,0
lennin badia,2017,0
christopher greiner,2015,0
james tobin,2017,0
nickalai pillai,2017,0
michael quinones,2014,0
rafal korycki,2016,0
peterjohn santiago,2015,0
omar tejada,2016,0
neil zuber,2017,0
michael dazi,2014,0
sokratis toumanidis,2019,0
ashley larregui,2014,0
merita hoxha,2018,0
douglas corso,2015,0
ramesh ramdass,2018,0
michael mccarthy,2015,0
jason gammello,2019,0
leechau wai,2019,0
michael riso,2015,0
thomas owens,2018,0
joshua malone,2017,0
briana tuma,2018,0
adam silver,2014,0
michael solowitz,2018,4
patrick lynch,2015,0
john roufanis,2019,0
anderson ortiz,2017,0
pascal morency,2014,0
robert semioli,2019,0
ryan gallagher,2017,0
horacio cuervo,2014,0
nicholas mauceli,2015,0
peter johnson,2016,0
zachary marsar,2019,0
harry delacruz,2019,0
terrence peters,2019,0
visoth sin,2014,0
jessica myrthil,2019,0
luis pacheco,2017,0
lissette lopez,2017,0
julien collins,2017,0
pratik patel,2017,0
gregory long,2019,0
emil israil,2016,0
jaipaul ramdat,2016,0
matthew starrantino,2014,0
brian chichotky,2016,0
carlos felipe,2016,0
nicholas albergo,2016,0
gregory green,2016,0
kenneth harris,2015,0
evrody seide,2018,0
tyrone seely,2019,0
steven reyes,2018,0
leonard armstrong,2016,0
ling ma,2019,0
mariyam maksimchak,2018,0
david hernandez,2016,0
wilfredo benitez,2015,0
james titus,2014,0
william bodner,2019,0
luke repalone,2018,0
kenny conde,2014,0
ryan boccard,2017,0
michael whooley,2014,0
harry perez,2016,0
anthony kempinski,2017,0
christian rojas,2014,0
anthony gaijindrah,2017,0
joseph turdik,2019,0
michael kennedy,2019,0
joseph everett,2019,0
carlos hernandez,2019,0
stacey hulse,2017,0
orlando sanchez,2014,1
michael serrano,2019,0
brian lukowsky,2017,0
edward stackpole,2015,0
leonid shatkin,2015,0
matthew mccarthy,2015,0
john mejia,2017,0
jonathan adams,2018,0
catherine coyle,2019,0
ron sawers,2017,0
daniel wynne,2019,0
orlando phillip,2016,0
jose guerrero,2015,0
mayra daly,2018,0
alejandro azcona,2017,0
lisa andreani,2014,0
joseph paige,2017,0
luis candelaria,2018,0
nelson reyes,2016,0
carlos linares,2015,0
hassan gheith,2014,0
rene castellano,2019,0
francisco allende,2014,0
norely castano,2017,0
neil odonnell,2014,0
rafael figueroa,2015,0
clint elie,2017,0
mark bernard,2016,0
dax guardado,2014,0
anthony alvino,2018,0
david porras,2018,0
jeffrey brown,2018,0
gerard tweedy,2018,0
laura smith,2017,0
michael langellotti,2018,0
margarette desir,2014,0
sean claxton,2015,0
andrew fernandez,2015,0
mckenzie jeanfrancois,2018,1
richard degaetano,2019,0
craig basler,2014,0
nicholas velotti,2019,0
stephen lozada,2018,0
brian doyle,2017,0
aaron woodruff,2017,0
daniel coyle,2016,0
christopher castle,2017,0
joseph nicastro,2018,0
jose cortez,2015,0
eduardo perezromero,2014,0
german gonzalez,2018,0
wilson lema,2017,0
joshep palaguachi,2018,0
ruben guerrero,2017,0
nelson medina,2014,0
ryan gargan,2017,0
martin phillips,2015,0
alexander javierhernandez,2016,0
john mcging,2019,0
christopher dalessandro,2016,0
brian alexander,2015,0
ahmad othman,2014,0
victor charles,2015,0
thomas sabbio,2014,0
laurie caputo,2016,0
martin palazzo,2015,0
cecilio ramos,2019,0
ryan madhoo,2014,0
jose espinal,2019,0
mark holder,2017,0
frank cirminello,2019,0
frank desiderato,2016,0
johnny mitchell,2015,0
michael segarra,2018,0
tetsola santiago,2016,0
stephen bonczyk,2019,0
ruben cespedes,2017,0
stephen burke,2017,0
todd hansen,2017,0
brian alexander,2018,0
ravi persad,2016,0
kevin ulrich,2015,0
sean doorley,2018,0
marlon sanchez,2015,0
joseph blum,2017,0
merlin alston,2014,0
abiola errico,2014,0
jeremy marshall,2018,0
john tancredi,2015,0
william cusack,2014,0
jamar burke,2018,0
alexandra michaels,2015,0
kristy abbasciano,2015,0
john arnold,2019,0
laura barbato,2015,0
opeyemi sapara,2019,0
tyra frazier,2019,0
ronit vyas,2017,0
daniel azzolino,2019,0
maris garcia,2019,0
waliur rahman,2017,0
pedro marrero,2014,0
michael brenner,2019,0
ruth lormil,2015,0
martin costello,2014,0
daniel callinan,2017,0
angel rosa,2015,0
kieron ramdeen,2015,0
anand bhoj,2014,0
ricardo lawrence,2019,0
matthew cocozziello,2016,0
orhan bayram,2016,0
christophe duggan,2014,0
christopher payne,2018,0
michael dennis,2016,0
nicholas salamone,2016,0
filippo gugliara,2019,0
paul acosta,2016,0
nicholas ramirez,2018,0
david fitchik,2018,0
hasad baksh,2018,3
michael parks,2016,0
brian winrow,2015,0
david kosinski,2014,0
christopher roca,2018,0
joseph navarrete,2018,0
jason soto,2018,0
michael rios,2016,0
nicholas tingos,2018,0
jennifer gomez,2019,0
christopher furegno,2019,0
christopher whyms,2018,0
john wagner,2016,0
tenzing legdhen,2018,0
kevin reyes,2019,0
crystal vale,2019,0
eric freund,2014,0
ronald capursi,2018,0
victor defense,2015,0
matthew gale,2014,0
john albertelli,2014,0
joshua valdez,2014,0
michael johnston,2017,2
daniel young,2018,0
raymond kwong,2017,0
shahel miah,2019,0
raymond ip,2015,0
jose pacheco,2019,0
vincent tortorella,2016,0
jose cordero,2017,0
latanya white,2018,0
robert bosland,2015,0
daniel silverio,2019,0
colin sullivan,2015,0
john filippi,2018,0
michael seiger,2015,0
kevin colvin,2015,0
timothy gaven,2018,0
danny luo,2019,0
daniel callinan,2018,0
robert kilduff,2017,0
alban kalaj,2014,0
tarakur chowdhury,2017,0
pete massa,2014,0
eric kim,2017,0
michelle martinez,2014,0
jose reyes,2014,0
anderson ortiz,2014,0
rafed khan,2017,0
vanessa tello,2018,0
abraham ahmed,2019,0
nikolaos stefopoulos,2016,0
michael mcgovern,2014,0
jason morales,2018,0
dennis burgos,2018,0
abraham badillo,2014,0
richard altamirano,2017,0
julian hincapie,2016,0
willie thompson,2019,0
arlene quinones,2016,0
patrick horkan,2018,0
mohammad mondol,2019,0
matthew wright,2015,0
jonathan metelus,2017,0
eric loria,2016,0
wael jaber,2016,0
agron pervizi,2017,0
galvin ferguson,2016,0
carmine confessore,2014,0
amit dua,2016,0
alvin pizarro,2019,0
cesar morales,2015,0
ramon rodriguez,2015,0
anthony contessa,2015,0
konrad zakiewicz,2015,0
meghan caban,2018,0
daniel guida,2017,0
aleksandr pasynkov,2018,0
denis samuylin,2018,0
sergio gonzalez,2018,0
jacob habib,2015,0
john lattanzio,2019,0
william rivera,2014,1
natia kalandadze,2015,0
rhoda truss,2018,0
nikolaos stefopoulos,2017,0
michael licitra,2016,0
joseph boyer,2017,1
ayotunde adeniyi,2017,0
janson pena,2016,0
frank calafiore,2015,0
lyndon providence,2015,0
bjondin skender,2017,0
katherine lopez,2016,0
andrew fago,2014,0
giorgi eristavi,2019,0
xavier alvarez,2016,0
fernando dominguez,2018,0
bryan cipolla,2015,0
scot kashinsky,2018,0
nadine burgos,2016,0
arnold nickey,2019,0
vladimir alonzo,2018,0
keerandai bhawanideenjamna,2015,0
jose ramos,2018,0
steven cameron,2015,0
benjamin aboagye,2016,0
ana lopez,2014,0
dany fana,2017,0
james fischetto,2016,0
sam wu,2015,0
frank amill,2015,0
evan lam,2015,0
erdem ozen,2016,0
brian graniela,2014,0
michael carbone,2014,0
meghan diani,2014,0
gamalier baez,2016,0
derick bentley,2018,0
leonardo munoz,2016,0
matthew schiff,2017,0
raymond low,2018,0
scot mullen,2014,0
taejin bae,2019,0
brandon bernard,2014,0
carlos fermin,2014,0
christopher mallette,2018,0
paul padilla,2018,0
meribeth alix,2014,0
zhenxian zhou,2015,0
alvin guthrie,2014,0
fred washington,2019,0
joseph sorrentino,2019,0
angel henriquez,2018,0
melvin welch,2019,0
luz villacorta,2017,0
daniel kearney,2015,0
nicholas dicandia,2016,0
jose maldonado,2016,0
myrnaliz nievesespinal,2017,0
edward cruz,2015,0
christopher reiff,2015,0
joseph leone,2015,0
christopher renieris,2016,0
farrell goldman,2017,0
francisco diaz,2016,0
sean aman,2016,0
amadeo oktrova,2014,0
james haviland,2017,0
rafael lara,2017,0
katherine kiefer,2015,0
thomas redmond,2018,0
juan marte,2018,0
michael seiger,2016,0
joseph zvonik,2016,0
cody pregent,2019,0
johnfrank tullo,2014,0
john becerra,2017,0
james cordiner,2017,0
daniel defrancesco,2014,0
james gallagher,2014,0
william schmidt,2014,0
muhamet mjeshtri,2016,0
nico hewitt,2019,0
angie colon,2014,0
bjondin skender,2016,0
anthony reisnour,2019,0
john errico,2019,0
marcos araujolapaix,2019,0
michael goldberg,2015,0
maria maldonado,2015,0
muhammad ahmed,2014,0
sean robinson,2019,0
robert lenihan,2016,0
elbi martinez,2019,0
dmitriy zabrovskiy,2019,0
robert wojnicki,2014,0
sherry paredeshodge,2016,0
john ottomano,2018,0
mayky santos,2017,0
steven mordente,2015,0
daniel jorgensen,2016,0
joseph murray,2019,0
daniel riera,2018,0
freddy guevara,2019,0
christian doherty,2019,0
frank muzikar,2016,0
fabio checo,2015,0
ilhan fuat,2019,0
robert barnett,2017,0
christopher durney,2016,0
joseph carolan,2017,0
francesco iorio,2015,0
edi radoncic,2015,0
jason conway,2014,0
sean inman,2014,0
shilendra sawh,2019,0
timi tomacruz,2019,0
gerardo bugalloberet,2016,0
rajasekar prasad,2017,0
jamie williamson,2016,0
nicholas rentas,2014,0
john lamariana,2017,0
oliver castillo,2017,0
charles davis,2015,1
christophe perrone,2018,0
marcos rodriguez,2014,0
cherish robinson,2018,0
frank recca,2018,0
sal flores,2015,0
gregory goodwin,2016,0
ryan damora,2014,0
orkhan mamedov,2019,0
gerard sanjurjo,2015,0
michal jalbrzykowski,2016,0
cristian perez,2018,0
keon franks,2016,0
brian mullarkey,2016,0
kiel sui,2015,0
michael misilewich,2019,0
amy hardoman,2019,0
george trufin,2017,0
giuseppe sollecito,2019,0
frank fassman,2017,0
james mcmahon,2014,0
gershom speller,2016,0
gerard fenton,2014,0
tyler angelo,2019,0
juan morales,2014,0
valdrin nikqi,2015,0
piero lasaponara,2017,0
diana perez,2016,0
maureen carey,2019,0
rostislav kipervaser,2014,0
chase maneri,2014,0
joseph navarrete,2019,0
alessandro damico,2017,0
stephen sheppard,2019,0
eileen fuseyamore,2018,0
aidan caine,2018,0
imron barakat,2019,0
edwin ching,2017,0
anthony ricciardi,2014,0
matthew barlow,2016,0
fernando bonilla,2019,0
klaudio rroku,2018,0
joseph fratto,2018,0
jenson raju,2019,0
joseph kosek,2017,0
ronald remo,2015,0
arthur leahy,2017,0
josh kaveney,2019,0
francisco guzman,2014,0
david cordano,2015,0
david giordano,2018,0
juan bastidas,2019,0
keon lawson,2019,0
robert pepe,2019,0
andrew saade,2019,0
panagiotis benekos,2015,0
roque leo,2018,0
robert durst,2018,0
rocco ruscitto,2014,0
stephen rasulo,2014,0
james burke,2017,0
danny calemine,2018,0
michael isler,2015,0
lisa williamspeter,2019,0
raymond ortiz,2017,0
robert smith,2015,0
juan lopez,2015,0
matthew kashdan,2019,0
matthew drury,2016,0
eliezer caraballo,2017,0
kevin yip,2015,0
luis matos,2018,0
stephen furno,2014,0
henry daverin,2016,0
michael podolskiy,2014,0
isaac souchak,2017,0
juan guzman,2016,0
humberto reyes,2017,0
gerica cox,2019,0
luis angeles,2014,0
adam giacalone,2015,0
stephen favale,2018,0
bekir oner,2019,0
amir pali,2018,0
hekmatullah mukhtarzada,2016,0
christopher collyer,2015,0
nicholas cupolo,2017,0
william morris,2018,0
daquan bendele,2016,0
matthew vanhorn,2015,0
daryl melhado,2018,0
kareem marcano,2014,0
carlos perez,2016,0
nicole rios,2017,0
iselaine guichardo,2015,0
michael dicecco,2015,0
james hall,2015,0
james geissler,2017,0
michael mccarthy,2016,0
paul langlois,2015,0
stephen volpe,2018,0
michael gannon,2014,0
patrick castel,2017,0
jorge flores,2016,0
ryan jaffe,2018,0
rachel magriz,2019,0
gregory markov,2014,0
robert vanness,2015,1
juan ramirez,2015,0
christopher schiro,2018,0
felix liberato,2016,0
michael maffei,2017,0
matthew hunsucker,2019,0
carlos morales,2017,0
brandon robles,2018,0
adam landau,2019,0
vianna rodriguez,2018,0
austin morange,2018,0
thomas taverna,2019,0
robert alimena,2019,0
warren hutchinson,2018,0
vito guagenti,2019,0
daniel boylan,2017,0
brian motyka,2016,0
salvador cornejocastillo,2019,0
john chavatte,2017,0
mark gaiardelli,2018,0
felix chabanov,2017,0
adan munoz,2015,0
michael sinclair,2018,0
kevin grayson,2019,0
paul polintan,2018,0
tristan hynes,2019,0
ever cruz,2019,0
darrell dass,2016,0
joseph modica,2018,0
lindsey robles,2018,0
nasser suddah,2019,0
matthew woods,2016,0
christopher hansen,2014,0
daniel sanches,2019,0
armando urbina,2019,0
robert maloney,2014,0
henry musac,2019,0
christopher hernandez,2016,0
william butler,2016,0
shaun garrett,2016,0
matthew rosiello,2014,0
kevin noonan,2016,0
christopher roach,2019,0
philip hirsh,2015,0
wojciech perkowski,2014,0
vicente cardenas,2018,0
anthony donato,2018,0
vallery alexis,2018,0
nicholas nelson,2015,0
domingo rosario,2018,0
ryan kelly,2019,0
mohammad ali,2014,0
natasha hansen,2014,0
vincent ferrante,2015,0
joseph howard,2019,0
russell lerch,2018,0
kenneth burke,2019,0
shalimar scribner,2019,0
shynell parrismitchell,2019,0
dominick abate,2019,0
matthew zappia,2017,0
timothy finn,2016,0
ryan galvin,2014,0
sachi singh,2019,0
thomas cozart,2015,0
tony basilio,2015,0
charles ingrassia,2014,0
gordon mak,2015,0
christian spina,2016,0
anthony mangano,2017,0
peter bohringer,2015,0
donald taylor,2016,0
ivan nikishin,2019,0
david ciangiulli,2018,0
anibelka perpinal,2018,0
jose reyes,2017,0
kevin martinez,2018,1
angel ogando,2019,0
dennis friendly,2019,0
emilio estevez,2017,0
keith ames,2018,0
paula smith,2017,0
ivette vargas,2014,0
richard ortega,2017,0
konti markvukaj,2019,0
georin duran,2014,0
joseph grubert,2017,0
michael burke,2017,0
tara gugliucciello,2016,0
steven brown,2015,0
marc starromand,2015,0
juan rodriguez,2017,0
bercides medina,2018,0
randolph hernandez,2016,0
david strom,2018,0
