officer_names_lower,year
christopher mcgee,2019
michael berrios,2014
rafael torres,2019
robert gallagher,2016
vincent tulipano,2017
nicklas yardan,2019
robert gallagher,2018
robert gronock,2015
mathew reich,2014
david sammarco,2015
rafael beato,2017
vahan bayizian,2019
przemyslaw smigas,2014
michael catusco,2015
jelinson martinez,2016
eric bravo,2018
greydy mercedes,2017
john livingston,2014
michael walsh,2016
amanda portalatin,2015
daniel castillo,2015
wilfredo benitez,2019
jasmine nunezramos,2019
umar khitab,2016
william taylor,2016
scott blackburn,2017
omar eltabib,2016
andrew cacciatore,2015
christina romero,2014
gary calhoun,2017
christian diaz,2019
vladimir julien,2016
robert paholek,2017
wendy flores,2014
taylor cumbo,2019
lei cui,2017
jeffrey adaszewski,2017
edward whalen,2019
miguel pierre,2016
jeremiah harney,2017
raymond cotton,2015
charles mcanulla,2017
frank maglio,2018
ginina diaz,2017
anthony ward,2018
ryan loomis,2016
robert backiel,2015
kieran higgins,2017
theresa haley,2017
louis ellis,2015
alexander gil,2014
richard ernyey,2016
james gerrity,2017
corey hughes,2017
edgar rivera,2017
edward cheek,2016
jaup xhunga,2016
daryl melhado,2014
kevin cully,2017
steven lopez,2017
francis roscigno,2019
corey gresko,2017
chaz turner,2019
vincent signoretti,2016
john facchini,2019
michael lunetta,2017
jonathan polanco,2016
bekim molic,2019
kyle crevatas,2018
matthew santos,2014
michael nesto,2016
john manzo,2018
francisco gonzalez,2017
jeffrey perez,2018
brian hickey,2016
kenneth chow,2019
christopher crain,2019
isabelle polanco,2019
peter yip,2014
stanley xenakis,2015
christopher furegno,2016
angel cruz,2016
andrew demichael,2018
brian ferguson,2015
kevin chow,2016
alicia stone,2016
scott berger,2014
thomas gross,2015
desean mullings,2019
tamara williams,2015
brian heerey,2014
james trapasso,2014
raymond welsh,2017
brian donohue,2015
willie artiles,2014
frank bulzoni,2015
rachael czelatka,2017
sergei vorobyev,2019
sean mcdonnell,2017
edward furbush,2014
joe rodriguez,2015
johnpaul catano,2017
abraham caraballo,2018
andrzej maziarz,2015
ernest takacs,2015
melvin thomas,2016
viet dang,2015
william munoz,2017
daniel alessandrino,2017
alan delrosario,2018
mohamed shaw,2018
joanne sullivan,2014
michael mcdonnell,2015
franklyn santana,2018
kurt liebe,2018
atik hossain,2018
joseph algerio,2016
robert yeaman,2015
justin beiger,2019
jason dasilva,2015
jonathan pagan,2019
robert rostkowski,2015
robert mciver,2015
millicent sempermartinez,2016
carl cespedes,2016
roberto delapena,2019
marcin czerwinski,2015
mayra ramirez,2019
jorge morel,2017
noel damico,2015
ryan cahill,2015
jorge rodriguez,2017
christopher dixon,2017
brian behan,2014
edson brutus,2017
darnell downes,2017
carlos gonzalez,2014
alyssa marinaro,2019
joseph wernersbach,2016
francisco britez,2016
justin ortiz,2018
niazul haque,2018
jonathan costanzo,2018
manuel pepin,2015
john smyth,2017
john zorrilla,2014
john plumitallo,2019
brittany moore,2017
saul molina,2015
russell bordina,2018
james grant,2019
matthew hauswirth,2015
anthony dicarlo,2016
johnny lau,2014
liana marcelle,2015
vincent aguilo,2014
frank ingrao,2019
emmanuel fernandez,2015
anlu rodriguez,2019
christopher garcia,2014
remy jeanfrancois,2014
washington zurita,2014
andy heenpella,2018
james saintil,2014
donald hook,2017
raynni reyes,2017
peter lazare,2015
nico hewitt,2015
danny campbell,2015
susie peralta,2014
tina stuart,2016
john foley,2017
miles holman,2019
robert schlosser,2019
crystal collins,2016
christian casillo,2018
terrence williams,2019
sanjay gidarisingh,2017
francisco vega,2015
marc lebron,2014
jena leocadio,2018
anthony raddi,2014
nuran ali,2014
william froehlich,2017
matthew zappia,2014
christian campoverde,2014
thomas nigro,2016
andrew schlegel,2015
jose bravo,2014
robert dazzo,2017
demetrios kekatos,2015
il baik,2018
lucas nicolas,2015
matthew drury,2015
james tobin,2018
nicholas derobertis,2015
kathleen correa,2019
jason pulver,2017
james wunderlich,2014
sean buchanan,2018
alicia garcia,2017
francisco adames,2019
aida dejesus,2016
andrzej maziarz,2014
stephen barounis,2018
adam gledhill,2019
michal drozd,2016
carl callender,2014
john zanca,2014
victor reynoso,2016
john smyth,2016
giancarlo maratea,2019
christopher diorio,2019
iran lopezmaceda,2019
nicholas abagnalo,2018
manolin molina,2015
edison gutierrez,2014
krista cascalenda,2014
michael connizzo,2019
victor nunez,2015
renee hanna,2017
katrina forrester,2015
adan munoz,2014
robert martinez,2019
joseph napolitano,2017
troyann safi,2017
james tagliamonte,2014
david babayev,2019
alejandra weinold,2017
leonel rivas,2017
william odriscoll,2014
eric dieumegard,2015
joseph manfra,2018
derek sambolin,2015
anil jacob,2014
grid troci,2017
michael becker,2017
patrick mcgrath,2014
christopher mattar,2019
kasey homer,2015
john christmann,2016
joseph albert,2016
steve torres,2018
hammer colon,2019
dwight powell,2017
carlos morales,2014
john stapleton,2015
charles schwartz,2017
robert villani,2015
christopher jaeger,2014
ahsan zafar,2016
gregory elz,2019
christophe cooley,2014
gloria cevallos,2017
cheng pak,2017
jonathan pesce,2019
sean liscoe,2017
victor quach,2017
destyni bynoe,2019
hugh herbert,2018
william dugan,2016
pamela rhoad,2018
luis ramirez,2019
yajaira martinez,2016
rory kim,2017
xavier fernandez,2017
christophe savage,2014
nathaniel beck,2019
vincent ferrante,2014
lawrence harvey,2015
robert leopold,2014
michael longobardo,2019
james shouldis,2018
alexander salzman,2018
jacqueline becker,2017
jose santory,2016
glen barker,2014
david cheesewright,2018
troy peacock,2019
michael perez,2019
edward stafford,2017
darren mays,2019
michael jenkins,2018
danny chung,2016
james kash,2019
brian sacher,2014
howard roth,2018
lorraine vultaggio,2015
anthony bentivegna,2019
david jimenez,2019
hauline garcia,2016
james mccafferty,2016
sean noce,2016
kitwane lewis,2019
louis guglielmo,2017
walter valentin,2015
oscar ramos,2015
rashan lacoste,2014
pinyo saitep,2014
michael pyzikiewicz,2016
richard modestil,2019
renee lee,2014
sandra martinez,2018
edwin ching,2015
vincent tulipano,2016
dean zandani,2017
muhammad ashraf,2016
zachary barrett,2017
nadine burgos,2014
nicholas ursini,2015
philip tse,2017
juan moreno,2015
frankie iglesias,2014
kwadwo opokuduro,2016
victor carrasquillo,2019
george ricker,2014
peter chiofolo,2018
michael onieal,2014
michael iovine,2014
juan peralta,2019
harry pell,2018
john randazzo,2015
francis brunetti,2017
jonathan martinez,2017
james gilson,2018
karina pena,2018
jason samuel,2017
alexis denny,2018
joshua bienvenue,2015
gregory rittenhouse,2015
piotr zebrowski,2016
jamie gifkins,2016
kevin shanahan,2015
michael russo,2016
ioannis argyros,2017
samantha dimarco,2018
charles choi,2017
paris rious,2014
matthew lewis,2016
john kiernan,2019
william mackay,2019
robert barnett,2019
danielle orourke,2015
clyde gabriel,2016
miriam lenarduzzi,2018
besim pelinku,2014
gerard guzman,2014
daniel moessner,2017
florenc dacaj,2018
harry cai,2019
evan dumont,2014
lisa santasieri,2016
paul brzezinski,2017
luis pacheco,2018
michael sidorskiy,2018
marc starromand,2019
crystal williams,2018
joseph sferrazza,2018
ahmed abdalla,2017
mark kwon,2017
camille mcsam,2016
james campiglia,2017
janice falette,2016
patrick tanner,2014
dmitriy shery,2015
kelvin gomez,2018
rafal korycki,2015
frank gut,2018
henry rojas,2019
zaid ahmed,2019
philip clottin,2019
esdras albert,2015
patrick craig,2015
matthew palmerini,2015
patrick gordon,2016
ronnie rodriguez,2017
william mckiver,2019
carlos anton,2014
derrick coleman,2016
alexis ponce,2015
sean buchanan,2015
patrick mcbride,2017
todd berenson,2014
felix paulino,2019
kevin fundarek,2015
matthew kreisman,2017
jorge vazquez,2014
john reddy,2018
alan schatz,2015
edmundo rivera,2016
ronald hobson,2016
edwin sanchez,2014
daniel bavuso,2018
anthony pastore,2017
william gaspari,2015
rudy anzalone,2016
desmund nichols,2014
eroll cherenfant,2016
salvatore aquino,2015
luis machado,2014
andrew martinez,2018
devin baker,2019
frank mallimo,2016
oliver rojas,2019
kelvin garcia,2016
john maderik,2016
shawn gallagher,2017
carmen mateo,2018
john gherardi,2014
cameron foster,2014
patrick osei,2017
steven acevedo,2015
daryll nesbitt,2017
vicente vivar,2016
anthony cimmino,2016
nathaniel anthony,2014
edward lawyerr,2014
tanya acevedo,2019
jason sanders,2016
ronald kennedy,2019
catherine cirami,2017
dewan persaud,2014
lawrice crawford,2018
hemadeh fattah,2017
brandon grasser,2019
nelson nin,2018
german gonzalez,2017
eric mazurkiewicz,2016
craig roach,2015
daniel chin,2014
osmairy castillo,2018
sean monahan,2016
dina talavera,2017
anlu rodriguez,2017
noel alphonso,2018
james dhanpath,2017
julia goldberg,2017
marco padilla,2017
jennifer driscoll,2018
stephen salzano,2015
edward ahearne,2017
thomas campanelli,2018
carl bennett,2015
malvi moncion,2019
joshua laveglia,2014
jose mejia,2016
paul giangrasso,2016
robert hakius,2019
taraya cutler,2019
brian zupo,2019
paul casale,2015
joseph schneider,2018
william glynn,2018
david sammarco,2014
patrick leonard,2019
anthony russo,2015
miguel adorno,2018
jonmichael delarosa,2017
joseph accetta,2019
adnan radoncic,2016
arthur truscelli,2014
john oneill,2019
choudhry rameez,2016
eric borbee,2019
michael cillis,2018
juby thomas,2015
erika moore,2014
christophe tehan,2015
arzoo bedi,2018
eula harris,2014
daniel aybar,2014
david hovestadt,2016
josue kavanagh,2017
matthew hughes,2015
bilal ates,2018
makiba brathwaitezimmerman,2016
yassir zahroof,2017
james zozzaro,2018
bailey goon,2015
cleeford franklin,2015
juan pichardo,2015
leon pedigo,2017
kelvin peralta,2019
bruce ceparano,2017
scott sohn,2017
james lukeson,2019
brian destefano,2017
jihad shahin,2017
raymond abreu,2014
bennett shelley,2015
denis gamez,2019
anthony guadagno,2017
galvin ferguson,2018
michael brito,2019
andres rosario,2018
angel ramos,2016
kelvin ozuna,2018
pedro cruz,2016
vladimir alonzo,2016
brian mccaughey,2014
bryan scheblein,2017
dominick raso,2016
michael becker,2016
steven lawrence,2014
guillermo suarez,2018
orin cox,2015
john slavinsky,2015
frank bauers,2018
christopher roche,2018
kevin blake,2014
gene etoria,2014
matthew mccarthy,2014
jessica figueroa,2016
julie hansen,2017
michael mcavoy,2015
michael ditoto,2017
lucas hasnay,2019
john ramalho,2018
carlos pineda,2014
dwayne leon,2019
steven byrne,2017
daniel mardjonovic,2017
jesus sosa,2015
james drummy,2019
stephan noel,2019
shauna paramourreid,2017
kenneth dwyer,2018
peter sparks,2014
matthew kuhl,2016
mario muniz,2014
joseph stokes,2016
gabriel cuadros,2018
gregory montalbano,2018
peter morales,2017
william rivera,2018
patrick jeanpierre,2014
anthony votino,2016
ian wallace,2016
jonathan mckiski,2014
christopher sanchez,2014
anthony crupi,2017
alexander caruso,2017
alex campuzano,2018
joel miranda,2014
john volkan,2016
andrey kravchenko,2018
tiery samuels,2016
richard polanco,2018
michael riggio,2015
zachary lavender,2017
mark buono,2018
james campiglia,2019
vincent mauro,2019
robert ciolino,2014
manuel morales,2016
rosetta rosendaryphillips,2016
johnny chalen,2015
yilson melendez,2016
kevin fulham,2014
tzu cheung,2016
andrew ho,2014
charles lovelock,2017
christopher alikhan,2016
daniel vargas,2016
jason santana,2019
ray dutton,2017
kenneth monahan,2014
anthony votino,2017
brian lauler,2015
sanad musallam,2016
francisco acosta,2014
jeremy ramos,2017
nicholas obrien,2019
christopher yazzo,2016
steven kallap,2017
kerry rowley,2017
florin alexandru,2015
adam conlin,2015
jason ianno,2015
freddy pichardo,2016
michael cama,2017
joseph gallagher,2014
erick harsch,2018
joseph viggiano,2016
michael mendez,2019
sorely nunez,2019
ryan moran,2017
michael abbruzzese,2019
jose reyes,2018
mark anderson,2018
luis sanchez,2017
nicki canady,2019
cindy cardona,2018
jesse trap,2018
manuel monegro,2017
christopher siciliano,2018
diana pichardo,2015
lenno hendricks,2016
matthew lambert,2018
patrick quigley,2018
walter nimley,2017
kamil pac,2014
daniel halloran,2018
claude montout,2016
vincent kennedy,2018
jason brochhausen,2017
tiamarie jones,2016
shuyi lin,2019
tiffany gonzalez,2016
thomas byrnes,2014
andrew mancusi,2014
donald aridas,2019
mathimohan mohandas,2015
frank gambina,2015
johnny chalen,2016
jena leocadio,2017
jeremy natal,2014
rebecca marcus,2017
joanne rodriguez,2014
christian allen,2014
leon barreto,2015
john filippi,2019
gregory marotta,2017
rafael morla,2015
randy kyrk,2017
carlito dejesus,2018
edgardo diaz,2014
patrick dooley,2016
joel ayala,2016
brian vacchio,2015
james habermehl,2018
vito guagenti,2014
frank bulzoni,2017
john moise,2014
malik hirani,2014
rachael czelatka,2016
samuel hui,2016
mark dibenedetto,2014
maurice oconnor,2014
anthony perlmutter,2019
jude reimbeau,2018
eric bernard,2016
brendan mcnamara,2018
harris haskovic,2017
tamisha hyland,2016
takiyah trench,2015
vincent cuccia,2019
dennis harrison,2017
ricardo montilla,2018
kevin odoherty,2017
ronald burke,2015
jeff harris,2014
kristo cevi,2019
abdulhadi chalati,2017
paul brown,2014
steven sposito,2014
brendan mcmorrow,2018
ronnie fernandez,2017
paul martin,2014
harley greco,2018
omar saad,2019
michael dunn,2015
jimmy romero,2018
jose velasquez,2016
ronald sanchez,2016
michal jalbrzykowski,2018
william curley,2017
nicholas dimatteo,2018
wilson hung,2017
jaily polancobalcacer,2016
andrew burke,2019
gerson mejia,2019
anton baird,2017
thomas manning,2016
alejandro villalona,2017
john ohagan,2016
john haynes,2014
darren sukennikoff,2017
stephen loud,2017
steven colon,2017
jeffrey martin,2019
joseph giordano,2014
john collins,2014
andrew fiscante,2015
john giampiccolo,2018
darwin cedeno,2016
emelio rodriques,2014
kevin connolly,2016
kevin nicoll,2017
william morris,2015
leonid shatkin,2017
richard miller,2019
natalie valerio,2014
numael amador,2019
jerry varice,2016
keynayia gorman,2019
ryan norwood,2014
daniel castillo,2014
kenneth logallo,2016
robert wilson,2018
christophe davis,2015
ruben guerrero,2015
ernesto marks,2019
luis santiago,2017
joseph davin,2017
cornelius oshea,2014
thomas longa,2014
michael blackman,2018
joseph nicoletti,2019
steve crozier,2015
sohaib rasool,2018
mekubahdya yisrael,2015
vincent gambino,2019
ian woodard,2019
joseph sousa,2016
maurice singletary,2019
jose cotto,2014
cecelia wilson,2016
charles lovelock,2016
steven chu,2018
nicole quinones,2017
pedro vallecillo,2014
joannie colon,2016
helin marte,2016
christopher sanchez,2018
thomas montario,2019
adam mclawhorn,2018
norman cox,2018
matthew regan,2017
rene castellano,2014
luis machado,2016
ernest kenner,2014
scott hughes,2017
eduard dombrovschi,2016
jesse lance,2016
robert orlando,2014
frank amill,2018
ian abramowitz,2019
guydee surpris,2016
jason barish,2017
edgar rivera,2019
tyrane isaac,2014
john zamot,2015
nicholas conway,2017
jerome capitly,2016
steven glassman,2019
jose cotto,2019
jason smith,2016
munir alhidami,2016
javier cordero,2015
armando cardenio,2018
jomal dillon,2017
michael meneses,2019
christopher jurkota,2019
joby thomas,2015
ignazio debellis,2016
thomas smith,2018
christopher torres,2014
maxwell bindman,2018
paul livingston,2017
larry meyers,2018
robert jaquez,2018
joseph franco,2017
declan ludington,2019
daniel domarecki,2014
giselle batista,2019
nicholas nelson,2018
christopher campbell,2017
james holder,2018
renaldo weekes,2019
david gordon,2017
christopher ponce,2019
israel flores,2017
michael dunlavey,2016
john cerar,2019
elvetia mascol,2018
christophe vitale,2016
todd hansen,2014
michael misilewich,2014
joel paulino,2016
david savella,2016
daniel conforti,2017
nichol martinez,2017
vincent peralta,2016
joseph reyes,2017
edward leisengang,2014
efrain hernandez,2014
nicholas ruiz,2015
carlos santiago,2016
marventine bazelais,2019
jarrett nadal,2018
matthew pagano,2019
laetitia augustus,2018
haroldy cabreja,2017
scott kletzkin,2017
edmond decio,2016
brian dobbins,2016
gerardo caballero,2014
gregori perez,2018
martin mcbride,2014
mike civil,2014
brian motyka,2015
andres zambrano,2016
luis cruz,2019
scott nuzzi,2017
jonathan frith,2019
martin sierra,2019
jonathan taveras,2019
eduard lucero,2019
shaneil mitchell,2015
stephen urbanowicz,2017
yaris gonzalez,2015
anthony boccio,2018
nanhao chen,2016
anthony sory,2019
sergio pesantes,2014
armando colon,2018
christophe dowdell,2015
ramon morel,2017
richie gonzalez,2015
tara convery,2019
joseph singh,2019
augustine gonzalez,2016
lisa reyes,2017
luke brennan,2017
james ellerbe,2014
daniel comas,2015
rolex roldan,2019
melvin carpio,2018
brendan kelly,2014
frank locascio,2017
jessica schrell,2019
michael horan,2018
sandy espinal,2018
sean crowley,2019
daisy martinez,2015
wesley wellington,2018
joseph gavin,2015
jose santini,2018
john fattorusso,2018
matthew massa,2014
jason filoramo,2016
kevin hunter,2019
patrick fanning,2016
daniel travis,2017
alexander wancel,2018
nicholas demeo,2016
aleksandr kovalenko,2017
michael mazzella,2014
brendan boyle,2016
ryan habermehl,2014
atara ashford,2016
seamus lavin,2015
paul mcmahon,2015
mark delossantos,2019
michael vila,2015
daniel hersh,2016
michael boyle,2014
mihai tudor,2017
frank vera,2016
edward arias,2015
edwin sanchez,2018
jeffrey heilig,2015
jackeline gonzalez,2015
anthony sica,2017
gina mestre,2019
thomas hionas,2017
steven silveira,2017
racquel chambers,2019
john wilkinson,2017
mariangela graffagnino,2017
abiola errico,2018
richard elliott,2015
janson pena,2015
john loso,2017
jason pulver,2016
samuel lavaud,2016
jose vanderpool,2018
jason deonarinesingh,2015
meaghan fox,2015
carlos nunez,2019
sean keegan,2019
frank henenlotter,2019
ayanna harrison,2017
christopher chin,2016
ramon guillen,2015
karima holmes,2017
dustin levi,2014
thomas weil,2015
christopher sanabria,2016
kellan oneill,2014
robert simms,2014
michaelangelo hidalgo,2018
ariel eusebio,2017
nicholas conte,2016
thomas williams,2014
odalis veras,2017
adam sager,2014
edward vega,2015
yevgeniy zaytsev,2017
ryan mcguinness,2018
chad mack,2014
kelly tweedy,2019
brian benvenuto,2018
michael wischhusen,2017
joseph condello,2018
luke denesopolis,2014
ashley ricci,2017
george strysko,2016
ibrahim adam,2017
justin londono,2018
jay rivera,2018
nasson innocent,2014
richard reilly,2017
james soares,2018
joseph reyes,2019
david martinez,2014
luis alicea,2018
william zirk,2015
ricardo cuenca,2015
ryan winkler,2019
kenny kowlessar,2019
zef camaj,2018
rosa jordan,2018
damon brooks,2014
edwin minaya,2016
gerard cash,2015
kelvin peralta,2016
jessica baranek,2015
josue ortiz,2014
mareli casanova,2016
george aguilar,2014
brian volpi,2016
albert moulier,2014
dacia webb,2018
jeneen sneed,2015
jacob aaronson,2014
kelly gormely,2015
erasmo troia,2018
james burns,2018
josue batista,2019
dwight martin,2014
thomas little,2018
ana gutierrez,2018
donald frost,2018
michael gagliardi,2019
ilir krasniqi,2018
ariel mallol,2018
marc hummel,2015
noelle miglino,2019
terry avent,2019
coty green,2017
edward murphy,2017
john mascetti,2017
daniel shaw,2016
michael ciota,2014
william russ,2018
ediliza wentworth,2019
tara mannix,2019
brett strauss,2017
daniel dallemand,2015
frank zappulla,2014
martin campos,2016
robert giery,2018
brian rossi,2018
terrence burch,2014
graham emburey,2016
douglas curry,2019
ricardo joseph,2014
matthew lambert,2016
james robinson,2016
matthew salzman,2018
francesco cusimano,2014
john corde,2018
jeanne williams,2018
orlando gonzalez,2015
matthew rosiello,2015
angel dejesus,2019
jonathan schmidt,2017
genry cobos,2019
sheldon maxwell,2017
sasa maric,2015
jonathan cannizzaro,2019
christophe maldonado,2019
myles lennard,2016
melvin mejia,2015
john hawthorne,2015
william farley,2019
angelica gonzalez,2017
douglas soriano,2014
jammie martinez,2017
nercy burgos,2018
ian holzman,2014
harry perez,2017
salvatore lopiccolo,2014
cesare diomede,2016
ricky hicks,2018
patrick lenza,2016
scott hughes,2014
maria zoccolillo,2014
noel alphonso,2014
david miller,2019
steven varela,2015
adam geslak,2018
saul quilesmorales,2014
willus murray,2015
joseph diaz,2019
vanessa mcbride,2017
daniel hachemeister,2019
jonathan lovera,2018
owais khanzada,2015
jhonnier salazar,2014
joseph dalbero,2018
michael ardolino,2014
nerys ramirez,2017
michael venditti,2019
peter furtaw,2014
nikolaos kontarinis,2016
fitz edouard,2019
anthony blum,2016
valorie montes,2018
scott munro,2014
mateusz baranowski,2018
anthony selvaggi,2019
salvatore vieni,2018
kimberly mcknight,2019
brandon gembecki,2015
jared martinez,2019
theresa lustica,2016
robert musolino,2015
donmartin atienza,2016
tomor berisha,2017
dmitriy luzanov,2018
peter guido,2014
doreyda munoz,2014
sheldon elliott,2019
kevin persaud,2018
fady azmy,2017
jonathan colon,2017
thomas garry,2019
jamarr burnett,2019
frank santiago,2016
jorge grullon,2016
luis torres,2015
salvador diaz,2019
graziano cillo,2014
george farley,2016
ramon portillo,2015
darren davis,2019
william huang,2018
mark zimmerman,2019
angelo pizzarro,2017
adrian jimenez,2014
jack morrison,2018
brian dennis,2016
marcin pawezka,2016
william pellegrino,2014
jeremy scheublin,2014
sean destefano,2019
michael riveranieves,2014
christopher sharpe,2018
christopher castle,2015
brendan reilly,2015
richard charles,2015
jason liao,2018
andrew pereiro,2018
eric florio,2015
john slavinsky,2014
paul viar,2018
thomas ramirez,2014
james tobin,2016
jose deschamps,2015
tanisha dorson,2014
mena maximos,2015
alberto lara,2018
richard zimmer,2015
leonardo viera,2017
jared fink,2018
jose aracena,2016
james kelly,2019
todd craven,2018
kevin critelli,2014
peter ahn,2016
kiel sui,2016
john toscano,2018
kevin deleon,2016
kevin shanahan,2016
dominic ruggiero,2014
zhengliang jiang,2016
michael disanto,2019
james ferrufino,2018
christopher caminiti,2015
jared faber,2015
joseph pierce,2017
raymond tillotson,2015
hassan gheith,2018
brian ricci,2014
brian chichotky,2014
rico iantorno,2017
harold mejia,2016
louis defranco,2017
roque leo,2017
darin lazar,2014
marshall winston,2014
jose suriel,2014
jesus reyes,2016
kenneth loughlin,2015
franklin bonilla,2019
ashmeed paltoo,2015
brian greaige,2019
nelson ayala,2018
lamont kirkland,2015
brian feeley,2014
ernan vega,2016
ashley sacaza,2015
jordan staab,2018
mark offenbacher,2018
christophe devaney,2014
ryan hoffmann,2017
steven moylan,2015
damien clarke,2017
jose bravo,2017
paul chierico,2014
giocardo bernabe,2015
homer henriquez,2015
katherine colon,2014
john bolden,2016
jose ortiz,2014
robert clark,2017
raymond paltoo,2014
steve siciliano,2019
monique holly,2019
daniel guida,2019
xinping huang,2019
thornton booker,2017
juan lordi,2018
brendan waitkus,2018
michael fokianos,2019
salahudeen abdulrahmaan,2019
cornelius oshea,2018
douglas evora,2015
sean keegan,2015
michael odonnell,2014
michael smith,2014
richard lennox,2016
michael piper,2017
caitlin lemmo,2019
jennifer curtis,2014
thomas whalen,2015
kreshnik bakraqi,2014
carlos pimentel,2014
eugene cummings,2019
denise manfredo,2016
bryn stayfer,2016
christopher egan,2015
melvin moultrie,2017
gene sheyn,2015
naveed chaudry,2019
michael kaczor,2015
karl hanisch,2017
chris whitehead,2016
billy gomez,2019
emanuel iskhakov,2018
mark anderson,2014
michael burke,2014
perry quincoses,2017
kendrick maldonado,2017
bryan verdolino,2014
carlos castillo,2016
vincent florez,2017
ershadur siddique,2014
harry hughes,2019
henry lewis,2017
david grieco,2014
mel perashi,2014
michael sarro,2014
richard galletta,2017
joseph hovanec,2018
christopher desimone,2018
zoltan kui,2019
juancarlos cruz,2016
harry delacruz,2016
john carbone,2016
jorge grullon,2018
christophe fasano,2018
ariel florentino,2014
gregory edgar,2016
gilberto rodriguez,2016
jermaine aspinall,2017
daniel castaldo,2016
timothy gaven,2019
matthew hart,2016
james moore,2019
francisco tejada,2014
sandra melendez,2015
nathanael ricketts,2017
michael reig,2018
michael buliga,2019
raymond higgins,2015
jessenia guzman,2019
jonathan taveras,2016
kenan akaydin,2014
william schumacher,2016
robert rivera,2017
michael gargano,2018
andre edwards,2018
kevin williams,2017
robert hyland,2019
nicholas neve,2014
diamond speller,2018
kevin cain,2014
kenneth miller,2019
brian mullarkey,2014
karyn mccormack,2019
adrian bishop,2017
justin lugo,2017
anthony bomparola,2019
james otterbein,2014
corey johnson,2019
ronald humphrey,2016
nicole fox,2019
shawn arigoni,2017
eduardo cabrera,2017
holger sarango,2016
gregory viggiani,2018
joel bolivar,2019
richard sagistano,2014
louis depergola,2014
rayna hall,2015
michael verbrugge,2014
christopher drews,2017
christopher colby,2019
francis pinales,2019
li li,2018
satinderpal singh,2018
lukasz banach,2015
daniel mcdonald,2015
warren savage,2015
richard spennicchia,2014
michael rosenberg,2015
latoya paradise,2014
yefersson salasmartinez,2018
leandro castro,2014
julio jimenez,2015
daniel pietranico,2017
anna serrano,2014
richard quinland,2016
miguel henry,2018
charles minch,2018
edgar guerrero,2019
jose gonzalez,2017
mirel hoxha,2014
nicholas romanelli,2019
joseph walsh,2019
ivy roman,2017
patrick reilly,2016
zeeshan ahmed,2014
anton morgulets,2017
larry simpson,2015
daniel filak,2014
mitchell epstein,2018
jean prinston,2015
nicholas murray,2019
francisco pena,2014
brian mccloskey,2015
daniel haggerty,2014
alex claudio,2016
steven wan,2019
ashley raaf,2019
roger maharaj,2017
milton russi,2018
thomas owens,2017
miguel vanbrakle,2018
brian maguire,2014
eric hernandez,2016
joseph tobin,2015
steven perez,2017
daniel efinger,2019
augustine gonzalez,2017
german geronimo,2017
andrew yates,2017
peter devincenzi,2016
ardit ymeri,2017
jacqueline catalano,2014
raymond ng,2019
alvaro menjivar,2016
christyan garcia,2015
joseph locurto,2017
george bodenmiller,2018
scott hamburger,2014
christopher musa,2014
tia stephenson,2016
dominique taylor,2015
robert ferguson,2018
kristian brito,2018
david miller,2016
erek powers,2014
nikolaos stefopoulos,2015
steven acevedo,2018
ahad hamdani,2018
cameron foster,2016
yahaira agate,2015
carlos estrella,2017
joshua bienvenue,2014
danielle raia,2015
mark gurleski,2017
lawrence thomas,2016
john ryan,2015
bernadette fackovec,2019
ashland menelas,2015
vadim osilenker,2014
cecilia marotta,2014
brian raghoenathsingh,2015
soney varghese,2018
jacqueline cifuentes,2017
harold sawyer,2015
adam dumelle,2014
maris garcia,2016
gerardo urbaez,2019
charlie harvell,2015
amy schenk,2016
robert kilduff,2014
michael franco,2014
matthew disilvestre,2017
jessica lalli,2018
jake feldman,2019
marshall winston,2017
modesto acosta,2019
andrew babajko,2019
jennyann nelson,2016
victor sadarangani,2014
christopher macaluso,2017
lorenza fragoso,2018
joshua acosta,2019
paul dawkins,2019
briggitte martinez,2018
jose gonzalez,2016
kevin cox,2014
priscilla perez,2016
sharif portee,2017
nelson guillaume,2019
keith reusch,2019
rafael morales,2017
joseluis deluna,2019
harrynson lopez,2017
gregory baum,2014
yayonfrant jeanpierre,2016
ray sanchez,2014
juan morales,2016
daniel madden,2016
gabriel keinig,2018
stephen conforti,2018
lawrence dunbar,2014
kenneth greene,2014
paul mccarthy,2014
anand bhoj,2016
aloysius sosic,2017
jordan rossi,2015
brian alexander,2014
estharlin lopez,2017
vicente perez,2019
nicholas kelleher,2018
diery louis,2017
camille williams,2016
tracy ellensohn,2017
timothy terrillion,2017
fernando lopes,2018
samuel perez,2018
bethea ivory,2016
eric almeida,2019
christopher hughes,2019
anthony nevandro,2017
gunvinder singh,2018
robert wojnicki,2019
angel thevenin,2016
richard walsh,2018
johnny mitchell,2018
andrew marino,2017
krystal small,2015
rafael morales,2016
robert mayer,2016
amit dua,2017
christophe hager,2017
vickram manni,2019
vincent dima,2018
jason valentino,2019
alexander bradshaw,2016
thomas chiudina,2014
george layng,2018
ysia collado,2014
marcos ortiz,2016
claudio diaz,2019
bekim kalicovic,2016
edwin villanueva,2015
jason liff,2017
kristy abbasciano,2016
edison jaramillo,2015
andrei pahom,2017
neil cusick,2016
sasa maric,2016
william morris,2014
jacqueline garcia,2017
erika palazzo,2017
nicholas srour,2018
natalee marrero,2016
shreeganesh meade,2017
robert dwojak,2015
francis ghanney,2017
steven rios,2016
brett ortiz,2015
matthew cahill,2015
james marcinek,2019
jairo hidalgo,2016
desirae martins,2017
erickson ramirez,2016
ali miranda,2014
arthur umlauf,2014
chasidy genao,2015
sylvia golaszewski,2017
paula aguero,2016
edwin espinal,2014
thomas murray,2016
michael defilippo,2019
matthew schiff,2014
saverio zanchelli,2014
wilmar mejia,2015
christina robinson,2016
denzel jacobs,2017
anthony romero,2017
jason brochhausen,2019
jude reimbeau,2019
christophe woulfe,2014
kristen simeone,2014
keith wagenhauser,2019
artem makaryan,2015
sohag paul,2018
armando berrios,2017
yancy blowe,2014
juan rodriguez,2015
juan hernandez,2019
frank lupo,2016
shauntelle nelson,2018
michael duffy,2015
namel holguin,2017
concepcion robles,2014
orlando sanchez,2015
harrison paperman,2018
mark kosta,2017
korey pinto,2018
thomas chiusano,2016
aaron husbands,2019
stacey coulter,2015
brian costello,2016
james woods,2016
diana mccafferty,2017
elvin pichardo,2018
thomas weil,2017
anthony alvino,2017
max rolffot,2014
matthew mancuso,2016
lorenzo jones,2019
raymond aquino,2015
brian risano,2016
robert martinez,2015
tyler ryan,2018
christopher pierre,2018
giovanni fini,2014
mike suarez,2018
ade ajasa,2016
andre mazyck,2016
matthew aiello,2018
dennis walsh,2015
matthew coates,2015
hekmatullah mukhtarzada,2017
jack antunes,2016
melissa quinones,2014
david grieco,2016
frank baldo,2014
christopher diaz,2019
richard browne,2016
pedro lezcano,2019
ramon rodriguez,2019
alejandro valderrama,2015
dominic ruggiero,2015
uriel lames,2017
william taylor,2017
deon ayala,2014
keith laliberte,2014
christophe biondo,2017
luigi fattizzo,2018
christopher esposito,2015
paul marconi,2017
christopher oconnor,2017
joseph dipaolo,2018
thomas geberth,2016
starlin dominguez,2015
sean walsh,2019
james thomas,2014
hector vargas,2018
ariel gonzalez,2019
terrance lloyd,2016
matthew escudero,2015
salvatore mannino,2018
raul torres,2015
christopher burton,2014
anthony sarrica,2016
alexandros kalogiros,2016
james sepulveda,2017
joseph franzese,2017
aramis ramos,2017
bashiek collins,2017
brian montross,2019
delvis garcia,2015
andres zambrano,2019
sergio carrillo,2019
flavio rodriguez,2018
duvaughn clacken,2017
daniel martinucci,2017
darrien king,2014
raymond higgins,2014
vitaliy zelikov,2015
sandy rodriguez,2015
michael lopuzzo,2015
dwayne dawkins,2016
jason conway,2015
alnorman duncan,2018
eric dustin,2018
kenneth darlington,2019
lauren ferrer,2016
sean gardner,2018
michael sinclair,2019
kevin morgan,2017
john wellbrock,2018
manolis kambouris,2019
rashied mcintyre,2016
francesco allevato,2014
conway hughes,2016
neil phillips,2019
cornelius oshea,2015
daniel robbins,2014
mark brinadze,2017
janine sartini,2019
james talbert,2019
brendan hannon,2019
frank galia,2015
derek jaffe,2017
brian ilund,2016
jason zeikel,2018
alexander gonzalez,2014
andrew alvarado,2019
timothy borock,2018
joseph grillo,2014
james mcsherry,2015
paul dawkins,2018
kenneth jefferson,2016
fernando gonzalez,2015
chase maneri,2016
christophe leonard,2019
james donovan,2015
yaw asare,2018
jason saturnin,2015
james wilson,2016
christopher harrington,2019
ronald scrimenti,2018
carlos paredes,2016
juan nunez,2019
philip bouchet,2019
amanda portalatin,2016
devin baker,2014
michal wiech,2018
andrea lorenzana,2014
thomas mcbride,2016
edward stackpole,2014
alejandro manzano,2014
eric giuliani,2019
daniel ludemann,2018
tracey duncan,2014
robin taveras,2019
christopher peroni,2017
rainard wroten,2019
francisco diodonet,2016
jovanni jennings,2015
noel alphonso,2017
nicholas kane,2017
joseph petronio,2018
mark vazquez,2019
hope newcomb,2019
tamika jardine,2018
christopher kingsley,2016
ahsan zafar,2014
jason acevedo,2016
ernesto bautista,2015
katherine osipowich,2019
jonathan jastemski,2017
michael rubino,2016
marycatherine nashlenas,2018
matthew coates,2017
simran james,2017
clevance dawkins,2018
edson delva,2017
paul illowsky,2017
adeola seidigbamuse,2019
cory smith,2014
elvis merizalde,2014
richard brown,2014
antonio jimenez,2019
nicholas kowatch,2019
brett schantz,2019
kevin desormeau,2014
paul abraham,2016
thomas chan,2015
nicholas norris,2019
jennifer alvarado,2018
vincent caprino,2019
philip ditto,2018
james caputo,2018
steve lafortune,2016
asim karim,2018
steven brown,2014
shawn romero,2018
marisol torres,2018
joseph power,2018
eric bernard,2018
daniel scalici,2018
lina lopez,2016
gianfranco berlingerio,2015
chon huang,2017
nestor batista,2019
charles odekirk,2017
guillermo cruz,2019
douglas ayres,2016
elizabeth stevens,2018
paul ortiz,2019
stephani sanchez,2014
chase maneri,2015
jimmy quinones,2018
fadi albishara,2019
horace gilkes,2015
jonathan colon,2019
sean lynch,2014
richard romance,2014
carlos pimentel,2016
eric giuliani,2014
erik easterbrook,2015
larry meyers,2019
andre perez,2014
mervin turnbull,2018
colin higgins,2018
edward theriault,2017
raymundo flete,2018
john dasaro,2019
daniel gines,2018
brian doherty,2019
mathew john,2017
johana rios,2015
frank lorello,2015
melchor alban,2015
pivatchai jetjomlong,2017
oliver castillo,2018
william reddin,2014
james otterbein,2016
chi leung,2016
kyle riegel,2017
kevin brennan,2017
christopher campbell,2015
antonio caleca,2017
william mansour,2018
horacio delgado,2016
ferdi memedoski,2016
justin adetimirin,2019
felix baez,2017
jonathan virtuoso,2016
david grieco,2017
thomas sheehy,2016
dmitriy shery,2014
shantell mckinnies,2016
darrel oneill,2014
junsun park,2017
juan moreno,2018
anatoli eltsov,2015
pedro ramos,2019
christophe harrington,2016
ryan oswald,2019
matthew demaio,2019
sandra martinez,2019
john brennan,2018
richard napolitano,2019
florin alexandru,2019
donald hook,2018
jonmichael delarosa,2015
matthew marks,2015
felix rodriguez,2016
thomas smith,2016
michael scally,2016
christopher boria,2018
anthony pepdjonovic,2018
barbara sullivan,2014
claudio paula,2016
john gonzalez,2015
luilly vargas,2017
anthony sica,2018
alan lee,2019
joseph lavelle,2015
victor sadarangani,2017
joseph algerio,2018
charles rivera,2016
joseph foss,2019
jonathan massas,2015
stephan carr,2019
marco gomezcoello,2019
michael whelan,2017
daniel connors,2018
jose cadavid,2019
eric johnson,2018
carlos santiago,2017
clyde moyer,2016
brad scala,2016
derek epstein,2018
edward oconnell,2018
carlos gonzalez,2018
leonardo viera,2018
allan ward,2019
charles mammarella,2017
alex morocho,2017
ariel marte,2016
jose diaz,2018
reuben antwi,2014
crystal beckford,2018
christopher schlitt,2016
jorge tricoche,2014
eleodoro mata,2014
frank ingrao,2017
hanu kurian,2018
joseph degirolamo,2016
christopher arena,2017
nicholas garvey,2015
ryan hoffmann,2014
howard kwok,2018
john kountouris,2014
robert weinberg,2019
alfredo brewster,2019
diery louis,2015
flaviana lopez,2016
gerard sawicki,2016
dennis harrigan,2017
zulfiqar ahmed,2018
brice sheppard,2015
sean liscoe,2015
moses charles,2014
juan rodriguez,2014
michelle anthony,2017
ashley chow,2019
patrick lynch,2016
kaisean branche,2014
jeffrey szalkowski,2014
jorge sanabria,2014
luis rodriguez,2015
james foy,2019
benito cruz,2018
justin ortiz,2019
kevin llerena,2016
emmanuel valerio,2016
sara paulino,2017
tatmeng vong,2018
richard velez,2019
jason stocker,2017
monica gorman,2019
ricki smith,2016
edmund kocienda,2018
greg desideri,2015
francis conejo,2017
alexander taveras,2018
james tasevoli,2016
eddie martins,2015
alldon verdejo,2016
brian ricci,2017
oscar mancilla,2019
john gunn,2018
edward bogucki,2019
scott defalco,2018
james sgaglione,2017
edward najarro,2014
senta caleb,2019
tonica corlette,2016
jack dagnese,2015
michael mccaffrey,2014
michael bletcher,2018
derick singh,2017
michael gargano,2019
philip smith,2019
edward vavruick,2017
michael mcauliffe,2016
vasyl filchukov,2018
terence walsh,2019
david pierson,2019
joseph signorile,2016
daniel baca,2016
diery louis,2014
joshua ganshaw,2019
william fernandez,2019
paul bistany,2017
john tepedino,2018
stephen cambria,2019
stephanie toussaint,2017
joseph tompkins,2014
manish sharma,2019
jose rosario,2019
john sanchez,2019
nelson figueroa,2016
catherine hernandez,2017
anaritza gonzalez,2015
michael fleming,2018
peter ramos,2018
daniel tucker,2018
matthew ficano,2014
katrina forrester,2016
edward groger,2016
cesar pazmino,2014
omar galindo,2016
elio chianetta,2017
john massari,2017
michael hernandez,2016
richard harris,2017
kelvin nunez,2017
robert wojnicki,2018
jonmichael raggi,2014
javier lopez,2014
gregory smith,2014
john facchini,2017
celine diaz,2017
oliver balena,2016
michael hansson,2018
javier velez,2016
edward murray,2019
john fattorusso,2016
jason treglia,2016
john ogorman,2016
rafael santos,2019
anthony bagarozza,2017
patrick douglas,2018
michael wolfe,2016
justin damico,2014
robert pumilia,2015
michael martinez,2015
christian diaz,2016
michael mcgovern,2015
robert miceli,2018
james shields,2016
vikram angadi,2019
shaun ryan,2019
michael quinones,2016
craig sikorski,2018
emmanuel etienne,2017
rene bersamin,2017
jamal jamison,2016
fredelinda pena,2014
christopher siani,2019
hekmatullah mukhtarzada,2019
danilo cruz,2014
david grieco,2018
paul mastronardi,2016
claudio velez,2014
edward lenis,2018
bryan wilson,2018
gustavo rosado,2016
david brady,2018
nasser alsubai,2019
jamaal arthur,2015
franklyn enoe,2017
brian hillmann,2014
nikaurys martinez,2018
nestor lozano,2017
michael diskin,2018
nicholas salvadori,2019
charles arnone,2014
pablo flores,2015
jason roemer,2019
michael mccarthy,2018
joseph ierna,2015
nicola ventre,2016
shawn phillips,2015
kristen caldararo,2017
dang nguyen,2019
david zayas,2016
robert brower,2019
julio vasquez,2018
billy valerio,2016
victoria bohanan,2018
jared faber,2017
rosa almonte,2019
vincent ciardiello,2014
melissa veliz,2015
christopher collazo,2014
stanley mateo,2017
anthony longobardi,2016
cynthia rodriguez,2018
thomas carter,2015
james romano,2015
gary maher,2014
charles hyland,2015
matthew palmerini,2017
wilson rodriguez,2019
bernard hayes,2015
benito intravaia,2019
craig zimmer,2017
tammie garcia,2014
mark berdichevskiy,2014
anthony sasso,2016
victor yee,2016
brandon velez,2017
sesame james,2019
maurice oconnor,2016
christopher maxwell,2015
ricardo dorilus,2018
joseph schneider,2015
william taylor,2015
edwin lau,2018
thomas chan,2018
michael misilewich,2016
adrian perez,2018
paulius simulevicius,2018
alexandry montero,2016
richard carrera,2018
frank giunta,2018
freda yeboah,2015
ryan olsen,2016
michael bletcher,2016
avinash patel,2017
arthur beal,2016
kenneth lechner,2019
ming chen,2016
pawel lachowski,2015
paul bartelotti,2017
brett woodard,2019
guerline cadet,2015
richard braun,2016
francis noonan,2016
michael kenefick,2017
anthony donato,2015
james moussa,2019
andre morris,2016
james rivera,2014
leon batson,2017
charles volante,2016
michael loosen,2015
waliur rahman,2014
michael duggan,2015
zhan chen,2015
warren rohan,2014
kristopher wood,2014
marcin drozniak,2015
favio quizhpi,2019
matthew deighan,2018
michael gonzalez,2018
shaun bertin,2016
jimmie moore,2014
james buscemi,2015
roberto oviedo,2014
ernest leroy,2015
rachid benlhoussain,2017
christine winter,2015
lorraine fuentes,2016
joseph spina,2019
steven tesoriero,2017
rudolf lumezi,2017
nicholas viruet,2017
jessica ricotta,2017
james burke,2018
amylou giannelli,2019
lawrence russo,2018
michael genovese,2014
andrew smith,2017
franky joseph,2014
gelono joshua,2014
colin kogan,2017
michael ustick,2016
mohammed hotaky,2016
alfredo sanchez,2014
robert yeaman,2016
brian hughes,2018
christopher ascazubi,2016
michael losada,2017
sajjad martin,2016
daniel gukelberger,2015
thomas napolitano,2016
rodney greenidge,2017
michael desetto,2018
samuel hui,2014
richard carpenter,2014
gregory rittenhouse,2019
michael duggan,2018
michael hance,2014
jason frederick,2015
john loreto,2018
sergio melendez,2017
valerie rivera,2016
katherine marsh,2016
latrice mcfarland,2019
christopher mcgee,2016
abel lopez,2019
ralph clement,2016
salvatore sillitti,2014
steven echevarria,2018
caleb rauscher,2019
steven hall,2014
genine oneill,2014
lukasz solis,2017
erek powers,2017
angel vazquez,2015
robert velsor,2018
antonino lopiccolo,2018
henry rivera,2019
todd shea,2019
emmanuel portorreal,2019
marco libongco,2018
thomas dunne,2014
richard dixon,2018
julian febres,2017
steven navarra,2018
david rosenberg,2015
vanessa rivera,2016
natalie valerio,2017
michael dellaquila,2019
jimmy wu,2017
jere upsher,2017
daniel beddows,2015
stacey carroll,2019
alhadys reyes,2015
bryan sorrells,2016
johnson jacques,2014
elizabeth stevens,2016
derek almeida,2017
ryan wood,2016
david capofari,2014
robert pepe,2017
marcos oviedo,2018
bibek thapa,2018
alex cruz,2016
joseph rodriguez,2015
joseph sotira,2017
matthew librizzi,2018
benjamin perez,2018
jeffrey pfeiffer,2015
brett heagneysciamatore,2018
joseph carolan,2019
christopher siani,2016
salvatore ascione,2018
jason li,2017
aziz sidani,2018
peter conti,2018
rayna madho,2015
eric mazurkiewicz,2014
richard danese,2018
thomas spinard,2017
christopher walsh,2016
carlos pages,2018
sean donovan,2017
michelly rosario,2014
james burpoe,2015
tony yung,2015
marc barrera,2018
moses lebron,2017
matthew monkowski,2018
michael powers,2016
laurie moran,2016
douglas perez,2018
steve cruz,2019
timothy slattery,2019
lauren brehm,2014
christopher cruzado,2014
jonpierre dossantos,2015
abraham arteaga,2015
david franklin,2019
ehtasham khan,2014
kevin savary,2017
kermar mckenzie,2019
krute aroonsuck,2014
david creely,2016
kenneth lechner,2014
joseph grigoli,2016
andrew sokolohorsky,2017
joseph duerr,2017
stanislav kushnir,2019
christopher haws,2016
gabriel echevarria,2015
justin dambinskas,2017
sophia rodriguez,2016
mark holder,2018
russell booker,2018
tyler ehrlein,2016
frank ryan,2018
joseph marquez,2019
joseph villalta,2016
tracey rooney,2019
cindy paulino,2018
fernando rodriguez,2015
michael radosta,2016
mark bernard,2014
christian pinard,2016
daniel feldman,2018
garen igityan,2019
john echevarria,2019
neil narayan,2019
scott edwards,2017
adam elmaadawy,2016
daniel murphy,2015
jonathan sordellini,2018
jonathan azzaro,2016
ana cress,2016
james coughlin,2018
joseph klubnick,2015
darren caranella,2018
florence delince,2015
terrance smalls,2016
anowar hossain,2019
christopher holihan,2017
david robinson,2014
matias franco,2018
gerardo urbaez,2015
jay poggi,2018
edward mcdonough,2018
walter feit,2014
jelani mills,2016
nicholas verderosa,2016
jeff zeluff,2014
idris mojeed,2014
tomas castro,2014
michael fratangelo,2017
sameh ouji,2016
freddy chalen,2019
thomas redmond,2019
jose caban,2014
robert bernhard,2016
michael leclair,2019
miguel marte,2014
michael napolitano,2019
michael reale,2019
eric ortiz,2014
james reilly,2016
jonathan silvetti,2015
robert wagner,2017
patrick cortright,2016
michael cangelosi,2019
colin higgins,2019
michael rothschild,2017
vincenzo trabolse,2018
dennis zhang,2018
dennis samuels,2017
sean cox,2018
daniel trione,2016
daniel edenfield,2018
mark ferranola,2019
vincent piselli,2015
gesly jean,2016
angel badillo,2015
philip depasquale,2014
phillip johnson,2019
anderson thimote,2019
fernando caches,2018
kevin church,2017
giacomo sciuto,2016
nicholas murray,2015
jeannette rivera,2018
kimberly jimenez,2016
paula aguero,2014
victor torres,2014
shakeena robinson-coombs,2019
anthony pala,2019
jonathan villegas,2014
joseph ciatto,2014
ronnie velez,2014
griffin rosen,2017
jared pilkington,2016
joongsuk hwang,2015
kelly merrick,2017
sean kinane,2014
ronnie caraccioli,2018
dudley ewald,2017
joseph swicicki,2014
malik wright,2014
alex baran,2015
john mavridis,2019
james piscopo,2016
rafael perez,2014
timothy lake,2017
jhoan lozano,2018
christopher gargano,2015
kristi skehill,2015
brian byrnes,2016
edward mcclain,2018
michael korabel,2015
dean rivera,2018
jason vargas,2018
brianna asselta,2019
richard ruiz,2018
stephen jones,2019
michael diaz,2017
thomas accomando,2016
stephen proscia,2019
michael greaney,2016
keith hum,2018
jason munroe,2015
tristian latimore,2014
miguel nunez,2015
david camacho,2018
michael rhome,2018
alexander allen,2017
christopher adinolfi,2017
robert altieri,2019
jason kwan,2018
alexander chateau,2015
ruben marte,2017
kristina lopez,2018
christopher kanhai,2016
richard mcknight,2018
richard light,2017
otis casey,2015
andrew bocchieri,2016
ismael perezortiz,2018
sean williams,2016
jake roher,2017
crystal zalaznick,2017
salvator maida,2018
joseph grubert,2019
joseph orecchio,2014
amanda sahagian,2018
anthony cassase,2019
joseph unterkofler,2015
abel lopez,2018
lawrence fiorello,2015
fred washington,2016
wojciech bagan,2018
kevin seidita,2018
tarakur chowdhury,2016
frankie soler,2015
lionel perales,2015
earl quinones,2014
jonathan kramer,2014
john weinum,2015
jean luna,2017
anson lancaster,2018
philip marks,2014
creel brown,2019
nina mckenzie,2015
christian angeron,2019
henny fernandez,2018
natalie cotter,2015
griffen sheridan,2018
mark sinatra,2015
kevin mockel,2015
alan avella,2016
daniel caparelli,2017
marcy velez,2018
george mastrokostas,2018
roy escalante,2018
salvatore guardi,2018
roy simmons,2015
charles powell,2018
daniel song,2015
michael lazarou,2015
cyril abraham,2017
jonathan burke,2015
derrick boyd,2014
michael fitzpatrick,2016
louis chen,2017
sam houari,2015
george mastrokostas,2017
john baumeister,2017
jonathan thomas,2014
juan hernandez,2014
robert delaney,2016
davon alston,2019
kenneth brown,2016
bryan cullen,2018
patrick duffy,2015
oscar quezada,2018
steve richards,2017
anthony moon,2016
shalesse hurleyyearwood,2017
derek sambolin,2014
johnny lawrence,2014
james holder,2019
gary aaronson,2016
matthew langone,2019
scott henry,2017
maurice richardson,2018
brandon ravelo,2017
francisco vega,2016
jonathan vasquez,2016
carlos paredes,2019
kraig batkiewicz,2019
kamil pac,2016
audon simpson,2017
matthew lieberman,2018
bryant villegas,2019
warren savage,2014
brett strauss,2018
edwin montanez,2019
christopher lembo,2018
edwin lau,2015
viktoria fiandola,2018
zachariah flaiz,2016
luis alicea,2016
matthew manchester,2015
demetrio degregorie,2014
eduardo roche,2015
robinson martinez,2016
alexander wancel,2017
trevor wisz,2018
anthony pobega,2019
charles ingrassia,2016
karin martinez,2015
eric delman,2017
ryan monteleone,2018
devon hudson,2016
darren rock,2017
john kenny,2018
sekou bourne,2018
richard hoda,2016
reinaldo alvarez,2018
ian wallace,2019
michael vitale,2015
scott blennau,2014
daniel collazo,2019
denise sezer,2018
daniel castaldo,2017
daniel vasconcelos,2018
rosalie joseph,2014
tomas janciauskas,2019
kevin harding,2019
karla arvayo,2017
sam russo,2015
mayko matos,2016
arsenio camilo,2014
rosemary wanzer,2016
raquel kamintzky,2014
johnathan lazzaro,2014
james morales,2017
jiayi wang,2017
kevin viola,2018
shelly peralta,2019
peter curran,2014
christopher robley,2014
michael cautillo,2015
ali alomaisi,2018
thomas guy,2017
franklin perez,2016
jason wolfenhaut,2014
robert mcgee,2015
richard wecera,2014
kenneth braumann,2016
fred dorch,2018
alexander seda,2017
joseph king,2015
michael tarulli,2017
fredery alvarez,2019
adnan radoncic,2015
michael mccaffrey,2015
nicholas dellatacoma,2014
dana ladson,2016
pinyo saitep,2016
craig macy,2018
edward mcgann,2016
ryan odea,2015
nidhin abraham,2019
jeremy grossman,2015
jason palamara,2017
katia jasmin,2018
patrick leone,2019
ilya nikonov,2016
james fenko,2019
steve lafortune,2015
anthony waite,2019
april maxwell,2017
manuel gomez,2015
michael disanto,2017
martin langan,2016
xavier williams,2015
abel lovera,2018
james stalikas,2016
william miller,2018
lawrence russo,2019
humberto kibel,2017
roderick martin,2019
rongshong xian,2018
iftekharul awal,2017
christophe ottomanelli,2014
christopher perez,2019
yoan delacruz,2016
rhea tiwary,2019
marcel francis,2018
natalie cotter,2014
jose camacho,2016
michael lunetta,2016
daniel watson,2014
thomas cancilla,2017
davit osmanovic,2018
daniel keating,2014
jakia morton,2018
brian muldowney,2016
james stgermain,2015
daniel lacalamita,2014
felix acosta,2019
christopher montera,2018
nicholas budney,2014
dylan mattern,2019
berat bicakci,2018
stephen napolitano,2018
lynn ruger,2018
sandeep thomas,2016
michael baldofsky,2016
frank gagnon,2018
albert yung,2014
angel rolon,2018
juan rosario,2017
charles gove,2015
francisco garcia,2018
artur espenberg,2016
john anastasakos,2014
donmartin atienza,2015
brian cohen,2016
gregory antonelli,2018
francis clough,2016
david elisashvili,2017
elijah saladeen,2017
terrance mccall,2014
dharlyn vasquez,2017
dmaine freeland,2019
milton sanchez,2014
devon davis,2017
jason bianchini,2014
kristian flood,2016
besnik bojkovic,2018
carlos gomez,2017
anthony canale,2014
keville caesar,2019
william parker,2014
jorge caraballo,2018
yasmel manzanillo,2018
jasmine sweat,2019
karl eckert,2014
gregory carty,2016
milton ortiz,2018
bienvenido castillo,2018
jason barish,2016
charles lancellotti,2019
jonathan gonzalez,2019
stacy chavis,2018
josue souffrance,2015
majid almontaser,2016
jeffrey chin,2018
nicholas romanelli,2018
byran pitts,2019
michael kleber,2015
john keane,2016
christopher distefano,2017
albert brust,2017
michael gotovich,2015
michele joseph,2014
carlos arrecis,2018
brendan dono,2018
mark magrone,2016
creel brown,2014
zureno wilson,2018
hongming peng,2016
nicholas hom,2019
blase gorcsos,2019
andrew kruglov,2016
tawee theanthong,2015
adam quiles,2015
mohammed donzo,2015
abiola browne,2017
brian costello,2018
anthony terilli,2017
letitia monge,2019
viviana segovia,2018
kirk williams,2019
dwayne leeshue,2014
robert mciver,2017
jay santana,2016
joseph decandia,2017
peter toale,2017
john migliaccio,2018
jose delacruz,2018
gregory welch,2018
eric travieso,2015
oldophe romulus,2014
michael lubomski,2016
winfred carmona,2015
thomas yang,2014
christophe roche,2017
gennaro russo,2014
michael schulman,2015
dominick libretti,2014
emiljana gjikolaj,2019
fabian nembhard,2019
robert rohs,2014
deonarine mangroo,2016
allanronald caranay,2017
phillip johnson,2016
william clinton,2015
shayne williams,2018
yevhen bizhko,2019
timothy cote,2015
kevin nunez,2016
natia kalandadze,2018
nia kirkland,2014
avidan santiago,2014
jared ock,2018
jason portee,2015
justin simms,2016
jean woods,2015
anthony taccetta,2016
brian risano,2019
william ditomaso,2014
carlos ellis,2014
joseph cuervo,2015
graham emburey,2014
steven perez,2019
jay rivera,2014
justin allen,2014
john mitchell,2015
jessica riveracaicedo,2016
rafael figueroa,2018
mariano bulfamante,2015
shawn moynihan,2014
john baggs,2018
dustin levi,2017
peter guiheen,2014
joseph sotira,2016
brian benvenuto,2014
jose romero,2015
gregory fink,2016
genaro barreiro,2014
miroslav maric,2017
joseph schwaner,2017
fidel santiago,2018
elvin gashi,2014
william melrose,2014
ryan oconnor,2019
hamlet hernandez,2014
joseph dionisi,2019
christopher crain,2018
salvatore annunziata,2019
victor robalino,2014
rosario castellano,2019
wilfredo benitez,2018
jorge carvajal,2016
edgar clases,2014
stephen damico,2014
richard morse,2016
brian kovarik,2016
sean inman,2019
steven marksberry,2014
daniel sitruk,2014
christopher feely,2014
dervent williams,2016
eric dipaolo,2018
thomas bates,2018
devin shanley,2019
tia stephenson,2018
michael fratangelo,2018
derrick moyer,2019
andres toribio,2018
thomas gallagher,2015
anthony irizarry,2015
robin taveras,2018
eric cavallo,2018
iniabell torres,2014
kyle stanley,2015
john mchugh,2018
peter borisenko,2017
jaime angulo,2014
jose cepeda,2019
hector figueroa,2017
daniel castillo,2016
michael perez,2016
dimitrios xanthopoulos,2017
mark kwon,2018
joseph delsante,2015
andrew murphy,2017
peter rose,2019
john mccrossen,2017
michael sigismondi,2019
raymond gordon,2016
mariusz nowak,2016
pedro rivera,2015
shaun healy,2016
anthony donato,2016
gobinjee bania,2015
robert musolino,2018
daniel sendrowski,2017
matthew hunter,2014
thomas geberth,2018
david ramos,2015
alfonzo larue,2015
andres mejia,2014
matthew vorraro,2017
harrison paperman,2016
kevin henry,2015
thomas day,2014
anthony bomparola,2018
kenneth logallo,2014
james lamb,2016
abul miah,2018
keithlyn frederick,2016
brian coffey,2014
jessica ardolino,2015
oscar paredes,2019
michael haigh,2018
malinda walker,2018
harish mansharamani,2014
edward garcia,2016
juner cevallos,2016
richard charles,2014
gary messina,2015
adnan pasha,2017
jimmy perez,2016
yvonne barnes,2018
ivette cresporoman,2017
jorge pujols,2014
scott obenauer,2017
geronimo tyrell,2018
emily harris,2019
eric cruz,2017
raymond ng,2016
larry meyers,2015
gregory long,2015
howard kwok,2019
stephen russo,2015
brian greco,2017
john ryan,2014
joseph runfola,2018
lawrence sanchez,2016
john lewis,2019
ricardo lewis,2017
vladimir garcia,2015
mark kistoo,2016
richard luciani,2019
nakisha bogle,2019
kenneth melendez,2019
david salazar,2014
edwin soto,2016
jonathan bourne,2017
vincent diforte,2014
john shapiro,2018
edward carrasco,2018
carl scogmanillo,2019
omar birchwood,2018
fred jones,2017
warner gomez,2016
briana donovan,2017
craig wright,2019
nicholas long,2019
cesar alvarez,2016
donald sadowy,2015
melissa rodriguez,2016
albert yannucciello,2016
marcin steckiewicz,2017
james grant,2017
joseph uvenio,2016
pagiel clark,2014
james gale,2017
mark ward,2016
erick garcia,2018
leonardo nimo,2019
evan mele,2017
frank fiorenza,2017
tamara mclamb,2019
elvisa bektesevic,2019
mallory paige,2016
jorge castro,2014
justin valeo,2017
april maxwell,2016
thomas parco,2014
brian kinkaid,2018
francisco aviles,2017
daniel blanchfield,2015
matthew edwards,2015
jeanne williams,2014
brian moore,2014
nicholas petrelis,2016
daisy rivera,2014
joseph loiacono,2017
joseph king,2016
laurie smith,2016
brian cohen,2018
argelis rodriguez,2015
safayath jamil,2019
michael tine,2017
frederic ortiz,2015
daniel gerardi,2018
david lambert,2014
javier colon,2016
robert amaty,2019
royce poblete,2017
giuseppe oliveri,2019
adam dumelle,2016
nelson pabon,2015
rochener gilot,2015
coral pena,2019
edmond avdiu,2016
moses jang,2014
fabian nembhard,2016
wilfredo benitez,2017
matthew shaw,2018
richard gadson,2015
lewellyn alvarez,2016
jawuan hubbard,2014
jordan lomba,2015
thomas bartlett,2018
gerard delprete,2015
david capofari,2016
shawn liriano,2014
starlette gillespie,2017
alexandre tilan,2017
stephen faber,2014
john zanca,2019
martin mcbride,2017
paul velez,2015
james burns,2019
john ouellette,2019
pasquale dethomas,2019
thomas gagliardi,2019
trea emanuel,2018
richard vomero,2015
jacky wong,2017
john vera,2015
xavier gonzalez,2015
dennis friendly,2017
sean collins,2014
fazle tanim,2018
stephen monroe,2014
jose delrosario,2014
thomas rao,2017
roben kikirov,2017
joseph dolan,2016
martin rowley,2016
ryan fais,2014
harry pakiakis,2018
genesis bueno,2016
stephen weber,2015
ryan cackowski,2019
alen mariano,2019
matthew rosato,2016
jerry thompson,2018
mihai tudor,2016
vincent ritell,2014
travis tergesen,2015
michael gonzalez,2016
stephen solcany,2016
ilan marhasin,2018
bilal ates,2014
thomas reed,2014
patrick odonnell,2019
joshua zucker,2019
david gomes,2014
wilson castillo,2018
america jacquezventura,2016
serbay gobelek,2019
jens maldonado,2015
akm alam,2016
christopher diakonikolas,2015
brandon gembecki,2017
darlene perez,2019
stephen sheppard,2015
kelly busby,2014
christian martinez,2014
anthony favara,2014
brendan storz,2019
eric martinez,2014
matthew carson,2016
adrian sanchez,2015
wilfredo cruz,2016
robert falcone,2017
john olsen,2017
wilfrido dominguez,2016
michael mercado,2018
vincent setteducato,2018
dharlyn vasquez,2016
thomas rice,2014
ronald urgiles,2018
richard schneider,2015
michael lam,2018
jagdev singh,2017
christopher tansey,2017
michael mitchell,2014
brendan dono,2016
stacey ellis,2014
tatiana simons,2019
naser dzaferovic,2016
mark moore,2018
roberto melendez,2016
william diab,2018
julio delgado,2019
james quirk,2015
juan melo,2014
matthew hammond,2019
wagner lafleur,2015
jorge morban,2018
shanee hansler,2018
mark carlino,2018
jose camacho,2019
richard khalaf,2014
victor matos,2019
doreyda munoz,2017
john brennan,2014
mariyam maksimchak,2015
matthew ferguson,2017
anthony defillippo,2018
justin pedersen,2016
kevin forrester,2016
luis lopez,2018
bernice pachecomcnally,2017
steven oquendo,2018
michael baror,2017
andres calle,2014
harrison kwan,2017
daniel garcia,2018
liam mchugh,2019
anthony taccetta,2018
jovan williams,2016
tammie garcia,2017
dominick scotto,2017
pablo taveras,2019
daniel palermo,2019
franklin perez,2018
michael mccarthy,2019
edwin blanco,2019
tyler howe,2018
joseph musarra,2016
matthew erdman,2018
yilson melendez,2014
alessandro negri,2017
angel andujar,2019
bory echanique,2019
dennis castro,2018
emmanuel rios,2019
angel andujar,2018
alexandru boldurvoinescu,2018
ritchie baez,2015
michael summa,2015
edwin cabrera,2015
gary marcus,2014
cristian duran,2015
juan berrio,2014
randy torres,2017
paul catanzarita,2016
david mccann,2017
nicki canady,2017
lynn zaccaro,2016
nanhao chen,2017
matthew yasinsky,2019
peter johnson,2017
andry duarte,2016
louis martinez,2016
richard polanco,2015
mohammad hossain,2017
charles cavallaro,2015
gabriel baaith,2015
kellan oneill,2017
akiya david,2014
austin denio,2019
jason curley,2017
joseph arena,2018
michael scarano,2018
lawrence hotaling,2018
suthom ungcharoen,2017
craig cohen,2015
naikee loomis,2016
donald louis,2016
olahshina williams,2018
jonathan virtuoso,2014
michael raso,2015
justin douglas,2016
eric demery,2017
glenn gray,2017
diana nerguti,2018
ryan cackowski,2015
nicholas lagano,2017
lyudmila howell,2015
daniel velazquez,2015
adam gray,2017
coty green,2016
timothy cote,2014
juliet shields,2017
james long,2018
bernard branch,2017
mark lewis,2017
kilsi lopez,2017
davon wilson,2017
jaspreet gill,2015
michael ernst,2016
steven goldin,2019
craig mcgrath,2018
rocio nolasco,2017
christopher digioia,2019
richard weaver,2019
brian bartley,2014
nicholas rios,2017
matthew monkowski,2014
ryan walsh,2017
adam landesberg,2015
joseph cortez,2016
joseph demarco,2015
john filippi,2014
patrick mooney,2014
miguel vanbrakle,2015
thomas gagliardi,2015
john sylvestre,2018
dalmin vasquez,2014
fitzroy vigilance,2017
jamie truglio,2019
timothy slevin,2014
michael laborde,2019
michael magas,2016
keith jemmott,2014
michael vitale,2016
julio roman,2016
richard browne,2015
daniel ramos,2015
andre morris,2018
shingru wang,2019
christopher pino,2017
timothy marx,2016
louis capobianco,2014
ronald cheng,2017
christina rice,2017
krystopher valentin,2019
jason thomas,2018
jolan lewis,2016
andre dawkins,2017
adriana kizer,2017
patricio ovando,2017
ravi singh,2015
tiffany buccheri,2019
richard urena,2015
richard katz,2016
gordon fraser,2018
warren savage,2019
steven fursa,2017
matthew dowd,2014
joseph riccio,2014
robinson polanco,2016
ahmad saleh,2017
randolph penamedina,2018
marcos rodriguez,2019
amado vargas,2019
gregory gianacopulos,2014
alfred lobaito,2016
christine barrientos,2014
anthony chow,2014
aneudy rosa,2015
kenneth mcgarvey,2017
philippe vukosa,2016
steven cosentino,2017
krzysztof bogdanowicz,2016
junior celestin,2014
gary cabral,2018
manolin molina,2017
jeanne mounsey,2017
randy kyrk,2016
ryan hayes,2016
john antoniades,2018
octavia white,2015
jonathan tracy,2018
freddie salas,2018
louis caputo,2015
rajesh lalwani,2015
johnny marquez,2017
robert britopozo,2018
paul bliss,2014
anthony armetta,2018
christian pinard,2017
terry brienza,2017
jafet sori,2016
jeffrey gryz,2014
joseph signorile,2019
deana dupree,2017
michael ohalloran,2016
angel vazquez,2014
scarlett bacca,2017
marvin francillon,2019
john ottomano,2019
andrew amoroso,2018
christian allen,2018
kristen lopez,2014
sherwin ogbewele,2014
jermaine scott,2017
matthew ferguson,2018
justin dambinskas,2016
ramiro ruiz,2015
mmostayen faysal,2017
troycarra powers,2018
terry brienza,2015
brian devita,2016
johnny orellana,2019
robert maldonado,2017
john wilkinson,2014
david johnson,2018
conway reivers,2015
brian brown,2015
paul burns,2018
jasmin nikocevic,2015
steve lafortune,2014
anthony bruno,2019
lauren maragni,2019
sicelin ortiz,2018
diego marin,2019
nicholas russo,2017
sincerae tinsley,2016
christophe maldonado,2014
thomas perrotti,2018
brandon ravelo,2014
jeffrey mota,2014
raffie chintamani,2019
jamar goddard,2016
enrique menendez,2019
justin dambinskas,2018
william mcnally,2017
marcello solano,2018
john pedersen,2019
tracy newland,2019
aheisha grant,2015
ryan salgado,2016
scott walicki,2019
jason maggio,2016
mohamed elhanafi,2017
stephanie perez,2017
jose villafane,2018
bolue hui,2016
marcelo luc,2014
timothy reilly,2017
jason lopez,2015
christopher mitchell,2019
jammie martinez,2014
justin charbrut,2016
john lamariana,2018
francisco maria,2015
fernando espindola,2014
alexander rapp,2019
michael daly,2014
ian rule,2016
ryan pretty,2016
kieran tracy,2018
carlos pineda,2015
alex mooney,2017
kevin ulrich,2016
steve higgins,2014
kevin kenny,2019
ann rivera,2014
santo taveras,2017
zeeshan taqi,2017
willus murray,2016
bryan sorrells,2017
kevin padilla,2019
billy acosta,2018
michael kobus,2016
philippe sanon,2016
jeffrey dumbauld,2016
james klimkoski,2018
warren williams,2017
edwin vega,2016
stephen loffredo,2016
jessica thomas,2016
michael spear,2014
emilio ortega,2019
elvin gashi,2017
steven truglio,2015
elvisa egan,2019
daniel staffa,2018
robert johnson,2019
frederick manney,2015
carlos romero,2018
barinderdeep singh,2017
vincent depaola,2015
paul robinson,2018
michael wolfe,2019
robert salerno,2016
kristen boyle,2018
cory tizzio,2016
taylor kraft,2016
john moran,2018
mathimohan mohandas,2018
paul prendergast,2016
thomas scalise,2017
efrain ayala,2019
maurice harrington,2018
charles zwilling,2017
zulfiqar ahmed,2019
michael rodriguez,2014
john trotta,2017
edward raasch,2016
james hickman,2016
timothy donohue,2019
john soto,2014
alula haileselassie,2019
jacklyn villanueva,2016
radoslaw turowski,2019
michael verbrugge,2019
christophe seregily,2017
carl pattelli,2017
richard planamenta,2017
andrew ruiz,2018
natalie breier,2018
julia nazim,2015
corey gresko,2015
eamonn noonan,2019
nodim ahmed,2016
michael sambrato,2018
jared rothschild,2014
john zaccara,2017
ansari kalil,2017
liam ohara,2018
mark brinadze,2015
justin lewicki,2017
justin grieco,2016
james rivera,2017
ronald colter,2015
miguel acevedo,2016
alvin guthrie,2019
charles galletta,2015
daniel bonamassa,2019
catherine kunst,2015
teriq grant,2017
daniel martin,2017
surabi consuegra,2018
kenneth francis,2017
kevin maloney,2018
phil glenn,2015
richard dawson,2018
resembric altamar,2018
liza rodriguez,2016
daniel manetta,2017
pablo valentin,2018
randy chow,2016
john parente,2014
james pruitt,2014
alex chen,2016
louis pannone,2014
brian goss,2015
brian corrigan,2015
william rojas,2016
scott callahan,2014
alex malpica,2015
carlos viera,2016
tiersa flood,2016
felix rodriguez,2019
shaun grossweiler,2014
alverny tavarez,2015
mark tufano,2019
stephen damico,2015
sherrod stuart,2018
christian angeron,2018
david mercado,2016
ronnie rivera,2018
nicholas kourounis,2018
daniel lacalamita,2019
wilfred martinez,2015
joel boyce,2014
jessica riley,2019
michael farrell,2017
stanley mateo,2015
mayra daly,2017
kathleen grant,2015
wagner lafleur,2014
andrew campbell,2017
joe chen,2014
robert dwojak,2014
dan ast,2019
sean carroll,2018
michael doran,2014
russell kastin,2017
corey graves,2019
josue marcelin,2015
felix chabanov,2019
kevin barnes,2019
brian dennis,2017
justin allen,2016
stephen proscia,2018
katherine osipowich,2018
farid aliyev,2017
deniz saglam,2017
benjamin elangovan,2016
kenia acosta,2016
robert brower,2016
carlos serrano,2015
chanta mabry,2018
brendan cassidy,2014
eric alexis,2014
victor rosario,2019
joseph lafata,2017
christian romero,2017
richard light,2018
nicholas federico,2018
kevin volk,2014
abir noor,2019
ernest urbina,2017
sebastian drozniak,2019
christine stclaire,2019
anthony davila,2015
stephen schmitt,2019
gregory dolan,2015
jason petri,2018
justice byrd,2015
ahsan zafar,2018
omar espinal,2016
thomas casey,2015
mark brooks,2018
jake hoina,2019
mayko matos,2017
alexandra lang,2019
craig cohen,2017
robert ramirez,2016
jesus colon,2016
albert cabello,2014
salvatore vieni,2015
michael remy,2017
diana kaouris,2018
francis depalma,2014
michael greaney,2015
michael eschmann,2017
leechau wai,2014
margarette desir,2015
christophe rivera,2015
pablo dejesus,2016
justin jamison,2014
delilah beniquez,2018
kenneth staller,2017
thomas warkenthien,2015
marc loyola,2016
kevin donnelly,2016
ricky ransom,2017
carlos deleon,2015
marlon key,2018
richard pierrefrancois,2017
maria landy,2015
christophe richards,2019
mariyam maksimchak,2016
edward patterson,2017
stanislav feldshteyn,2019
charles alexander,2018
lucius craig,2015
sokol karaduzovic,2018
anthony biondolillo,2014
michael stefanovich,2017
james rodriguez,2016
thomas mcardle,2018
kellyann flowers,2016
robert licciardi,2019
dudley ewald,2015
paul acosta,2018
thomas lodico,2017
tyrone grannum,2017
ernes okanovic,2016
ryan puglisi,2019
kenneth herz,2016
joseph alcoser,2018
robert king,2015
zachary quadland,2014
elvis alcivar,2014
paramveer singh,2017
daniel pelan,2015
dany fana,2015
francis depalma,2016
philogene breville,2014
sean higgins,2018
anthony raimone,2017
nicholas bruccoleri,2017
robert brager,2015
william hallahan,2019
christopher moroni,2015
fidney moise,2018
thomas chille,2019
rosario castellano,2018
bernard corso,2016
miguel donovan,2018
juby thomas,2016
donald harris,2018
michael roder,2019
thomas martilla,2016
steven droluk,2017
john prager,2016
william graham,2019
jonathan navarrete,2019
david oyague,2019
john raphael,2018
hantz muller,2014
timothy arthur,2017
muhammad mirza,2014
michael kennedy,2016
christopher orourke,2018
hassan darwiche,2016
jahaira barriga,2019
john manzo,2017
barbara fischer,2015
pauledwin maurice,2017
josue kavanagh,2016
joe pulgarin,2015
pauleric pizzuto,2014
rosemarie saez,2019
william chan,2015
pedro gomez,2017
jerry joly,2016
jena leocadio,2016
dana ladson,2019
sean wolfenhaut,2017
esperanza barry,2015
john zorrilla,2015
roy escalante,2014
konstantinos panagiotopoulos,2019
jason hernandez,2014
kyle erickson,2017
christopher welch,2017
jose fernandez,2017
magdy abdalkwy,2014
jonathan hom,2019
jared dietzel,2018
thomas smith,2017
carlos segovia,2016
russell bordina,2017
richard carpenter,2017
stanley macnear,2016
michelle figueroa,2018
guy gargano,2015
sean leach,2019
erick flores,2019
nelson reyes,2014
joseph foss,2018
nestor beaume,2016
joseph diaz,2017
sokratis toumanidis,2017
patrick agugliaro,2014
edwin montanez,2016
kevin carr,2016
sorely nunez,2017
kelly pierce,2015
sabrina palazzo,2014
jason martinoff,2018
james baez,2015
jesse zalewski,2017
avidan santiago,2018
jeremy rodriguez,2017
nicolas savitt,2017
raymond low,2017
james stalikas,2019
angelo cupo,2016
ainsley carter,2018
jamaal miller,2015
john begg,2019
thomas lodico,2015
michael pomerantz,2019
william crowe,2018
osvaldo valentin,2014
miguel melendez,2015
garrett williams,2019
david oconnell,2018
thomas lawson,2015
garthlette james,2015
ricardo padilla,2019
anyakae shaw,2016
johnathan smith,2015
robert mcgee,2014
ashleigh sofia,2019
joseph stokes,2017
jolan lewis,2015
frank arnedos,2017
keith mcgurk,2015
christophe salamone,2015
jeanclaire storz,2017
terrance mccall,2019
brian costello,2019
gregory ulses,2019
jaime rosado,2019
jeffrey maira,2014
eric kirschenheiter,2016
essence jackson,2014
juan germanfrias,2017
fredy sanchez,2014
arismendi mena,2017
kevin cooper,2018
stefan komar,2016
darnell forrester,2016
andrew scampoli,2016
jorge minier,2014
james lee,2016
james mchale,2016
christopher nieves,2014
alexander taveras,2015
kenneth clausey,2014
kevin mcallister,2015
eddie wong,2015
filastine srour,2017
nelson ayala,2015
isiah spence,2016
porfirio ramos,2015
robert martinez,2017
ilya kosilov,2014
joseph schneider,2017
anthony lamicella,2019
lennin badia,2017
christopher greiner,2015
james tobin,2017
nickalai pillai,2017
michael quinones,2014
rafal korycki,2016
peterjohn santiago,2015
omar tejada,2016
neil zuber,2017
michael dazi,2014
sokratis toumanidis,2019
ashley larregui,2014
merita hoxha,2018
douglas corso,2015
ramesh ramdass,2018
michael mccarthy,2015
jason gammello,2019
leechau wai,2019
michael riso,2015
thomas owens,2018
joshua malone,2017
briana tuma,2018
adam silver,2014
michael solowitz,2018
patrick lynch,2015
john roufanis,2019
anderson ortiz,2017
pascal morency,2014
robert semioli,2019
ryan gallagher,2017
horacio cuervo,2014
nicholas mauceli,2015
peter johnson,2016
zachary marsar,2019
harry delacruz,2019
terrence peters,2019
visoth sin,2014
jessica myrthil,2019
luis pacheco,2017
lissette lopez,2017
julien collins,2017
pratik patel,2017
gregory long,2019
emil israil,2016
jaipaul ramdat,2016
matthew starrantino,2014
brian chichotky,2016
carlos felipe,2016
nicholas albergo,2016
gregory green,2016
kenneth harris,2015
evrody seide,2018
tyrone seely,2019
steven reyes,2018
leonard armstrong,2016
ling ma,2019
mariyam maksimchak,2018
david hernandez,2016
wilfredo benitez,2015
james titus,2014
william bodner,2019
luke repalone,2018
kenny conde,2014
ryan boccard,2017
michael whooley,2014
harry perez,2016
anthony kempinski,2017
christian rojas,2014
anthony gaijindrah,2017
joseph turdik,2019
michael kennedy,2019
joseph everett,2019
carlos hernandez,2019
stacey hulse,2017
orlando sanchez,2014
michael serrano,2019
brian lukowsky,2017
edward stackpole,2015
leonid shatkin,2015
matthew mccarthy,2015
john mejia,2017
jonathan adams,2018
catherine coyle,2019
ron sawers,2017
daniel wynne,2019
orlando phillip,2016
jose guerrero,2015
mayra daly,2018
alejandro azcona,2017
lisa andreani,2014
joseph paige,2017
luis candelaria,2018
nelson reyes,2016
carlos linares,2015
hassan gheith,2014
rene castellano,2019
francisco allende,2014
norely castano,2017
neil odonnell,2014
rafael figueroa,2015
clint elie,2017
mark bernard,2016
dax guardado,2014
anthony alvino,2018
david porras,2018
jeffrey brown,2018
gerard tweedy,2018
laura smith,2017
michael langellotti,2018
margarette desir,2014
sean claxton,2015
andrew fernandez,2015
mckenzie jeanfrancois,2018
richard degaetano,2019
craig basler,2014
nicholas velotti,2019
stephen lozada,2018
brian doyle,2017
aaron woodruff,2017
daniel coyle,2016
christopher castle,2017
joseph nicastro,2018
jose cortez,2015
eduardo perezromero,2014
german gonzalez,2018
wilson lema,2017
joshep palaguachi,2018
ruben guerrero,2017
nelson medina,2014
ryan gargan,2017
martin phillips,2015
alexander javierhernandez,2016
john mcging,2019
christopher dalessandro,2016
brian alexander,2015
ahmad othman,2014
victor charles,2015
thomas sabbio,2014
laurie caputo,2016
martin palazzo,2015
cecilio ramos,2019
ryan madhoo,2014
jose espinal,2019
mark holder,2017
frank cirminello,2019
frank desiderato,2016
johnny mitchell,2015
michael segarra,2018
tetsola santiago,2016
stephen bonczyk,2019
ruben cespedes,2017
stephen burke,2017
todd hansen,2017
brian alexander,2018
ravi persad,2016
kevin ulrich,2015
sean doorley,2018
marlon sanchez,2015
joseph blum,2017
merlin alston,2014
abiola errico,2014
jeremy marshall,2018
john tancredi,2015
william cusack,2014
jamar burke,2018
alexandra michaels,2015
kristy abbasciano,2015
john arnold,2019
laura barbato,2015
opeyemi sapara,2019
tyra frazier,2019
ronit vyas,2017
daniel azzolino,2019
maris garcia,2019
waliur rahman,2017
pedro marrero,2014
michael brenner,2019
ruth lormil,2015
martin costello,2014
daniel callinan,2017
angel rosa,2015
kieron ramdeen,2015
anand bhoj,2014
ricardo lawrence,2019
matthew cocozziello,2016
orhan bayram,2016
christophe duggan,2014
christopher payne,2018
michael dennis,2016
nicholas salamone,2016
filippo gugliara,2019
paul acosta,2016
nicholas ramirez,2018
david fitchik,2018
hasad baksh,2018
michael parks,2016
brian winrow,2015
david kosinski,2014
christopher roca,2018
joseph navarrete,2018
jason soto,2018
michael rios,2016
nicholas tingos,2018
jennifer gomez,2019
christopher furegno,2019
christopher whyms,2018
john wagner,2016
tenzing legdhen,2018
kevin reyes,2019
crystal vale,2019
eric freund,2014
ronald capursi,2018
victor defense,2015
matthew gale,2014
john albertelli,2014
joshua valdez,2014
michael johnston,2017
daniel young,2018
raymond kwong,2017
shahel miah,2019
raymond ip,2015
jose pacheco,2019
vincent tortorella,2016
jose cordero,2017
latanya white,2018
robert bosland,2015
daniel silverio,2019
colin sullivan,2015
john filippi,2018
michael seiger,2015
kevin colvin,2015
timothy gaven,2018
danny luo,2019
daniel callinan,2018
robert kilduff,2017
alban kalaj,2014
tarakur chowdhury,2017
pete massa,2014
eric kim,2017
michelle martinez,2014
jose reyes,2014
anderson ortiz,2014
rafed khan,2017
vanessa tello,2018
abraham ahmed,2019
nikolaos stefopoulos,2016
michael mcgovern,2014
jason morales,2018
dennis burgos,2018
abraham badillo,2014
richard altamirano,2017
julian hincapie,2016
willie thompson,2019
arlene quinones,2016
patrick horkan,2018
mohammad mondol,2019
matthew wright,2015
jonathan metelus,2017
eric loria,2016
wael jaber,2016
agron pervizi,2017
galvin ferguson,2016
carmine confessore,2014
amit dua,2016
alvin pizarro,2019
cesar morales,2015
ramon rodriguez,2015
anthony contessa,2015
konrad zakiewicz,2015
meghan caban,2018
daniel guida,2017
aleksandr pasynkov,2018
denis samuylin,2018
sergio gonzalez,2018
jacob habib,2015
john lattanzio,2019
william rivera,2014
natia kalandadze,2015
rhoda truss,2018
nikolaos stefopoulos,2017
michael licitra,2016
joseph boyer,2017
ayotunde adeniyi,2017
janson pena,2016
frank calafiore,2015
lyndon providence,2015
bjondin skender,2017
katherine lopez,2016
andrew fago,2014
giorgi eristavi,2019
xavier alvarez,2016
fernando dominguez,2018
bryan cipolla,2015
scot kashinsky,2018
nadine burgos,2016
arnold nickey,2019
vladimir alonzo,2018
keerandai bhawanideenjamna,2015
jose ramos,2018
steven cameron,2015
benjamin aboagye,2016
ana lopez,2014
dany fana,2017
james fischetto,2016
sam wu,2015
frank amill,2015
evan lam,2015
erdem ozen,2016
brian graniela,2014
michael carbone,2014
meghan diani,2014
gamalier baez,2016
derick bentley,2018
leonardo munoz,2016
matthew schiff,2017
raymond low,2018
scot mullen,2014
taejin bae,2019
brandon bernard,2014
carlos fermin,2014
christopher mallette,2018
paul padilla,2018
meribeth alix,2014
zhenxian zhou,2015
alvin guthrie,2014
fred washington,2019
joseph sorrentino,2019
angel henriquez,2018
melvin welch,2019
luz villacorta,2017
daniel kearney,2015
nicholas dicandia,2016
jose maldonado,2016
myrnaliz nievesespinal,2017
edward cruz,2015
christopher reiff,2015
joseph leone,2015
christopher renieris,2016
farrell goldman,2017
francisco diaz,2016
sean aman,2016
amadeo oktrova,2014
james haviland,2017
rafael lara,2017
katherine kiefer,2015
thomas redmond,2018
juan marte,2018
michael seiger,2016
joseph zvonik,2016
cody pregent,2019
johnfrank tullo,2014
john becerra,2017
james cordiner,2017
daniel defrancesco,2014
james gallagher,2014
william schmidt,2014
muhamet mjeshtri,2016
nico hewitt,2019
angie colon,2014
bjondin skender,2016
anthony reisnour,2019
john errico,2019
marcos araujolapaix,2019
michael goldberg,2015
maria maldonado,2015
muhammad ahmed,2014
sean robinson,2019
robert lenihan,2016
elbi martinez,2019
dmitriy zabrovskiy,2019
robert wojnicki,2014
sherry paredeshodge,2016
john ottomano,2018
mayky santos,2017
steven mordente,2015
daniel jorgensen,2016
joseph murray,2019
daniel riera,2018
freddy guevara,2019
christian doherty,2019
frank muzikar,2016
fabio checo,2015
ilhan fuat,2019
robert barnett,2017
christopher durney,2016
joseph carolan,2017
francesco iorio,2015
edi radoncic,2015
jason conway,2014
sean inman,2014
shilendra sawh,2019
timi tomacruz,2019
gerardo bugalloberet,2016
rajasekar prasad,2017
jamie williamson,2016
nicholas rentas,2014
john lamariana,2017
oliver castillo,2017
charles davis,2015
christophe perrone,2018
marcos rodriguez,2014
cherish robinson,2018
frank recca,2018
sal flores,2015
gregory goodwin,2016
ryan damora,2014
orkhan mamedov,2019
gerard sanjurjo,2015
michal jalbrzykowski,2016
cristian perez,2018
keon franks,2016
brian mullarkey,2016
kiel sui,2015
michael misilewich,2019
amy hardoman,2019
george trufin,2017
giuseppe sollecito,2019
frank fassman,2017
james mcmahon,2014
gershom speller,2016
gerard fenton,2014
tyler angelo,2019
juan morales,2014
valdrin nikqi,2015
piero lasaponara,2017
diana perez,2016
maureen carey,2019
rostislav kipervaser,2014
chase maneri,2014
joseph navarrete,2019
alessandro damico,2017
stephen sheppard,2019
eileen fuseyamore,2018
aidan caine,2018
imron barakat,2019
edwin ching,2017
anthony ricciardi,2014
matthew barlow,2016
fernando bonilla,2019
klaudio rroku,2018
joseph fratto,2018
jenson raju,2019
joseph kosek,2017
ronald remo,2015
arthur leahy,2017
josh kaveney,2019
francisco guzman,2014
david cordano,2015
david giordano,2018
juan bastidas,2019
keon lawson,2019
robert pepe,2019
andrew saade,2019
panagiotis benekos,2015
roque leo,2018
robert durst,2018
rocco ruscitto,2014
stephen rasulo,2014
james burke,2017
danny calemine,2018
michael isler,2015
lisa williamspeter,2019
raymond ortiz,2017
robert smith,2015
juan lopez,2015
matthew kashdan,2019
matthew drury,2016
eliezer caraballo,2017
kevin yip,2015
luis matos,2018
stephen furno,2014
henry daverin,2016
michael podolskiy,2014
isaac souchak,2017
juan guzman,2016
humberto reyes,2017
gerica cox,2019
luis angeles,2014
adam giacalone,2015
stephen favale,2018
bekir oner,2019
amir pali,2018
hekmatullah mukhtarzada,2016
christopher collyer,2015
nicholas cupolo,2017
william morris,2018
daquan bendele,2016
matthew vanhorn,2015
daryl melhado,2018
kareem marcano,2014
carlos perez,2016
nicole rios,2017
iselaine guichardo,2015
michael dicecco,2015
james hall,2015
james geissler,2017
michael mccarthy,2016
paul langlois,2015
stephen volpe,2018
michael gannon,2014
patrick castel,2017
jorge flores,2016
ryan jaffe,2018
rachel magriz,2019
gregory markov,2014
robert vanness,2015
juan ramirez,2015
christopher schiro,2018
felix liberato,2016
michael maffei,2017
matthew hunsucker,2019
carlos morales,2017
brandon robles,2018
adam landau,2019
vianna rodriguez,2018
austin morange,2018
thomas taverna,2019
robert alimena,2019
warren hutchinson,2018
vito guagenti,2019
daniel boylan,2017
brian motyka,2016
salvador cornejocastillo,2019
john chavatte,2017
mark gaiardelli,2018
felix chabanov,2017
adan munoz,2015
michael sinclair,2018
kevin grayson,2019
paul polintan,2018
tristan hynes,2019
ever cruz,2019
darrell dass,2016
joseph modica,2018
lindsey robles,2018
nasser suddah,2019
matthew woods,2016
christopher hansen,2014
daniel sanches,2019
armando urbina,2019
robert maloney,2014
henry musac,2019
christopher hernandez,2016
william butler,2016
shaun garrett,2016
matthew rosiello,2014
kevin noonan,2016
christopher roach,2019
philip hirsh,2015
wojciech perkowski,2014
vicente cardenas,2018
anthony donato,2018
vallery alexis,2018
nicholas nelson,2015
domingo rosario,2018
ryan kelly,2019
mohammad ali,2014
natasha hansen,2014
vincent ferrante,2015
joseph howard,2019
russell lerch,2018
kenneth burke,2019
shalimar scribner,2019
shynell parrismitchell,2019
dominick abate,2019
matthew zappia,2017
timothy finn,2016
ryan galvin,2014
sachi singh,2019
thomas cozart,2015
tony basilio,2015
charles ingrassia,2014
gordon mak,2015
christian spina,2016
anthony mangano,2017
peter bohringer,2015
donald taylor,2016
ivan nikishin,2019
david ciangiulli,2018
anibelka perpinal,2018
jose reyes,2017
kevin martinez,2018
angel ogando,2019
dennis friendly,2019
emilio estevez,2017
keith ames,2018
paula smith,2017
ivette vargas,2014
richard ortega,2017
konti markvukaj,2019
georin duran,2014
joseph grubert,2017
michael burke,2017
tara gugliucciello,2016
steven brown,2015
marc starromand,2015
juan rodriguez,2017
bercides medina,2018
randolph hernandez,2016
david strom,2018
