officer_names_lower,year,news_hits,info
christopher mcgee,2019,0,
michael berrios,2014,0,
rafael torres,2019,0,
robert gallagher,2016,0,
vincent tulipano,2017,0,
nicklas yardan,2019,0,
robert gallagher,2018,0,
robert gronock,2015,0,
mathew reich,2014,0,
david sammarco,2015,0,
rafael beato,2017,0,
vahan bayizian,2019,0,
przemyslaw smigas,2014,0,
michael catusco,2015,0,
jelinson martinez,2016,0,
eric bravo,2018,0,
greydy mercedes,2017,0,
john livingston,2014,0,
michael walsh,2016,0,
amanda portalatin,2015,0,
daniel castillo,2015,0,
wilfredo benitez,2019,0,
jasmine nunezramos,2019,0,
umar khitab,2016,0,
william taylor,2016,1,"{'abstract': 'The 101st Precinct in Far Rockaway, a low-income neighborhood wary of the police, has seen halting progress as the department seeks to reshape everyday interactions between officers and residents.', 'web_url': 'https://www.nytimes.com/2015/08/24/nyregion/for-new-york-police-a-radical-change-for-queens-residents-a-step.html', 'snippet': 'The 101st Precinct in Far Rockaway, a low-income neighborhood wary of the police, has seen halting progress as the department seeks to reshape everyday interactions between officers and residents.', 'lead_paragraph': 'Residents on the street rarely return the greetings of the precinct commander. Officers complain that their overtures are usually rebuffed, but they travel even short distances by car and drive down pedestrian paths in housing developments, cruising past staring faces. Many leave the Queens precinct for meals, some crossing into Nassau County for coffee at Starbucks.', 'print_section': 'A', 'print_page': '1', 'source': 'The New York Times', 'multimedia': [], 'headline': {'main': 'In New York, Testing Grounds for Community Policing', 'kicker': None, 'content_kicker': None, 'print_headline': 'Back on the Beat in Far Rockaway ', 'name': None, 'seo': None, 'sub': None}, 'keywords': [{'name': 'organizations', 'value': 'Police Department (NYC)', 'rank': 1, 'major': 'N'}, {'name': 'glocations', 'value': 'Far Rockaway (Queens, NY)', 'rank': 3, 'major': 'N'}, {'name': 'subject', 'value': 'Police Brutality, Misconduct and Shootings', 'rank': 4, 'major': 'N'}, {'name': 'persons', 'value': 'Bratton, William J', 'rank': 5, 'major': 'N'}], 'pub_date': '2015-08-23T09:57:08+0000', 'document_type': 'article', 'news_desk': 'Metro', 'section_name': 'New York', 'byline': {'original': 'By J. David Goodman', 'person': [{'firstname': 'J.', 'middlename': 'David', 'lastname': 'Goodman', 'qualifier': None, 'title': None, 'role': 'reported', 'organization': '', 'rank': 1}], 'organization': None}, 'type_of_material': 'News', '_id': 'nyt://article/919c6692-8079-5729-ace4-72ddd308897c', 'word_count': 2522, 'uri': 'nyt://article/919c6692-8079-5729-ace4-72ddd308897c'}"
scott blackburn,2017,0,
omar eltabib,2016,0,
andrew cacciatore,2015,0,
christina romero,2014,0,
gary calhoun,2017,0,
christian diaz,2019,0,
vladimir julien,2016,0,
robert paholek,2017,0,
wendy flores,2014,0,
taylor cumbo,2019,0,
lei cui,2017,0,
jeffrey adaszewski,2017,0,
edward whalen,2019,0,
miguel pierre,2016,0,
jeremiah harney,2017,0,
raymond cotton,2015,0,
charles mcanulla,2017,0,
frank maglio,2018,0,
ginina diaz,2017,0,
anthony ward,2018,0,
ryan loomis,2016,0,
robert backiel,2015,0,
kieran higgins,2017,0,
theresa haley,2017,0,
louis ellis,2015,0,
alexander gil,2014,0,
richard ernyey,2016,0,
james gerrity,2017,0,
corey hughes,2017,0,
edgar rivera,2017,0,
edward cheek,2016,0,
jaup xhunga,2016,0,
daryl melhado,2014,0,
kevin cully,2017,0,
steven lopez,2017,0,
francis roscigno,2019,0,
corey gresko,2017,0,
chaz turner,2019,0,
vincent signoretti,2016,0,
john facchini,2019,0,
michael lunetta,2017,0,
jonathan polanco,2016,0,
bekim molic,2019,0,
kyle crevatas,2018,0,
matthew santos,2014,0,
michael nesto,2016,0,
john manzo,2018,0,
francisco gonzalez,2017,0,
jeffrey perez,2018,0,
brian hickey,2016,0,
kenneth chow,2019,0,
christopher crain,2019,0,
isabelle polanco,2019,0,
peter yip,2014,0,
stanley xenakis,2015,0,
christopher furegno,2016,0,
angel cruz,2016,0,
andrew demichael,2018,0,
brian ferguson,2015,0,
kevin chow,2016,0,
alicia stone,2016,0,
scott berger,2014,0,
thomas gross,2015,0,
desean mullings,2019,0,
tamara williams,2015,0,
brian heerey,2014,0,
james trapasso,2014,0,
raymond welsh,2017,0,
brian donohue,2015,0,
willie artiles,2014,0,
frank bulzoni,2015,0,
rachael czelatka,2017,0,
sergei vorobyev,2019,0,
sean mcdonnell,2017,0,
edward furbush,2014,0,
joe rodriguez,2015,0,
johnpaul catano,2017,0,
abraham caraballo,2018,0,
andrzej maziarz,2015,0,
ernest takacs,2015,0,
melvin thomas,2016,0,
viet dang,2015,0,
william munoz,2017,0,
daniel alessandrino,2017,0,
alan delrosario,2018,0,
mohamed shaw,2018,0,
joanne sullivan,2014,0,
michael mcdonnell,2015,0,
franklyn santana,2018,0,
kurt liebe,2018,0,
atik hossain,2018,0,
joseph algerio,2016,0,
robert yeaman,2015,0,
justin beiger,2019,0,
jason dasilva,2015,0,
jonathan pagan,2019,0,
robert rostkowski,2015,0,
robert mciver,2015,0,
millicent sempermartinez,2016,0,
carl cespedes,2016,0,
roberto delapena,2019,0,
marcin czerwinski,2015,0,
mayra ramirez,2019,0,
jorge morel,2017,0,
noel damico,2015,0,
ryan cahill,2015,0,
jorge rodriguez,2017,0,
christopher dixon,2017,0,
brian behan,2014,0,
edson brutus,2017,0,
darnell downes,2017,0,
carlos gonzalez,2014,0,
alyssa marinaro,2019,0,
joseph wernersbach,2016,0,
francisco britez,2016,0,
justin ortiz,2018,0,
niazul haque,2018,0,
jonathan costanzo,2018,0,
manuel pepin,2015,0,
john smyth,2017,0,
john zorrilla,2014,0,
john plumitallo,2019,0,
brittany moore,2017,0,
saul molina,2015,0,
russell bordina,2018,0,
james grant,2019,1,"{'abstract': 'In the poorest congressional district in the country, where thousands of people are arrested each year, one former cop with a complicated past made high-profile cases fall apart by insisting that the ends justified his means.', 'web_url': 'https://www.nytimes.com/2019/01/23/magazine/bronx-crime-investigation-police.html', 'snippet': 'In the poorest congressional district in the country, where thousands of people are arrested each year, one former cop with a complicated past made high-profile cases fall apart by insisting that the ends justified his means.', 'lead_paragraph': 'Manuel Gomez, a private investigator who used to be a cop, lives and works alone in a one-bedroom apartment above a laundromat in the Bronx. His living room is strewn with paperwork from his cases — police reports, witness statements, a photograph of a young woman with a razor wound across her face. Reproductions of famous paintings, including nudes by Picasso and Modigliani, line the walls. “The Lament for Icarus,” a 19th-century British piece, depicts the fallen Greek cradled by weeping nymphs. “What this picture reminds me,” he told me, “is that it’s better to die for something than to live for nothing.” When I pointed out that the Icarus myth was perhaps more widely understood as a parable about the dangers of hubris, he shrugged. “To hell with that [expletive]. I say, Fly right past the sun. I always push the envelope.”', 'print_section': 'MM', 'print_page': '42', 'source': 'The New York Times', 'multimedia': [{'rank': 0, 'subtype': 'xlarge', 'caption': None, 'credit': None, 'type': 'image', 'url': 'images/2019/01/27/magazine/27mag-Gomez-image1/27mag-Gomez-image1-articleLarge.jpg', 'height': 480, 'width': 600, 'legacy': {'xlarge': 'images/2019/01/27/magazine/27mag-Gomez-image1/27mag-Gomez-image1-articleLarge.jpg', 'xlargewidth': 600, 'xlargeheight': 480}, 'subType': 'xlarge', 'crop_name': 'articleLarge'}, {'rank': 0, 'subtype': 'popup', 'caption': None, 'credit': None, 'type': 'image', 'url': 'images/2019/01/27/magazine/27mag-Gomez-image1/27mag-Gomez-image1-popup.jpg', 'height': 500, 'width': 626, 'legacy': {}, 'subType': 'popup', 'crop_name': 'popup'}, {'rank': 0, 'subtype': 'blog480', 'caption': None, 'credit': None, 'type': 'image', 'url': 'images/2019/01/27/magazine/27mag-Gomez-image1/27mag-Gomez-image1-blog480.jpg', 'height': 384, 'width': 480, 'legacy': {}, 'subType': 'blog480', 'crop_name': 'blog480'}, {'rank': 0, 'subtype': 'blog533', 'caption': None, 'credit': None, 'type': 'image', 'url': 'images/2019/01/27/magazine/27mag-Gomez-image1/27mag-Gomez-image1-blog533.jpg', 'height': 426, 'width': 533, 'legacy': {}, 'subType': 'blog533', 'crop_name': 'blog533'}, {'rank': 0, 'subtype': 'blog427', 'caption': None, 'credit': None, 'type': 'image', 'url': 'images/2019/01/27/magazine/27mag-Gomez-image1/27mag-Gomez-image1-blog427.jpg', 'height': 341, 'width': 427, 'legacy': {}, 'subType': 'blog427', 'crop_name': 'blog427'}, {'rank': 0, 'subtype': 'tmagSF', 'caption': None, 'credit': None, 'type': 'image', 'url': 'images/2019/01/27/magazine/27mag-Gomez-image1/27mag-Gomez-image1-tmagSF.jpg', 'height': 289, 'width': 362, 'legacy': {}, 'subType': 'tmagSF', 'crop_name': 'tmagSF'}, {'rank': 0, 'subtype': 'tmagArticle', 'caption': None, 'credit': None, 'type': 'image', 'url': 'images/2019/01/27/magazine/27mag-Gomez-image1/27mag-Gomez-image1-tmagArticle.jpg', 'height': 473, 'width': 592, 'legacy': {}, 'subType': 'tmagArticle', 'crop_name': 'tmagArticle'}, {'rank': 0, 'subtype': 'slide', 'caption': None, 'credit': None, 'type': 'image', 'url': 'images/2019/01/27/magazine/27mag-Gomez-image1/27mag-Gomez-image1-slide.jpg', 'height': 480, 'width': 600, 'legacy': {}, 'subType': 'slide', 'crop_name': 'slide'}, {'rank': 0, 'subtype': 'jumbo', 'caption': None, 'credit': None, 'type': 'image', 'url': 'images/2019/01/27/magazine/27mag-Gomez-image1/27mag-Gomez-image1-jumbo.jpg', 'height': 819, 'width': 1024, 'legacy': {}, 'subType': 'jumbo', 'crop_name': 'jumbo'}, {'rank': 0, 'subtype': 'superJumbo', 'caption': None, 'credit': None, 'type': 'image', 'url': 'images/2019/01/27/magazine/27mag-Gomez-image1/27mag-Gomez-image1-superJumbo.jpg', 'height': 1637, 'width': 2048, 'legacy': {}, 'subType': 'superJumbo', 'crop_name': 'superJumbo'}, {'rank': 0, 'subtype': 'blog225', 'caption': None, 'credit': None, 'type': 'image', 'url': 'images/2019/01/27/magazine/27mag-Gomez-image1/27mag-Gomez-image1-blog225.jpg', 'height': 180, 'width': 225, 'legacy': {}, 'subType': 'blog225', 'crop_name': 'blog225'}, {'rank': 0, 'subtype': 'master1050', 'caption': None, 'credit': None, 'type': 'image', 'url': 'images/2019/01/27/magazine/27mag-Gomez-image1/27mag-Gomez-image1-master1050.jpg', 'height': 839, 'width': 1050, 'legacy': {}, 'subType': 'master1050', 'crop_name': 'master1050'}, {'rank': 0, 'subtype': 'master675', 'caption': None, 'credit': None, 'type': 'image', 'url': 'images/2019/01/27/magazine/27mag-Gomez-image1/27mag-Gomez-image1-master675.jpg', 'height': 540, 'width': 675, 'legacy': {}, 'subType': 'master675', 'crop_name': 'master675'}, {'rank': 0, 'subtype': 'master495', 'caption': None, 'credit': None, 'type': 'image', 'url': 'images/2019/01/27/magazine/27mag-Gomez-image1/27mag-Gomez-image1-master495.jpg', 'height': 396, 'width': 495, 'legacy': {}, 'subType': 'master495', 'crop_name': 'master495'}, {'rank': 0, 'subtype': 'master180', 'caption': None, 'credit': None, 'type': 'image', 'url': 'images/2019/01/27/magazine/27mag-Gomez-image1/27mag-Gomez-image1-master180.jpg', 'height': 144, 'width': 180, 'legacy': {}, 'subType': 'master180', 'crop_name': 'master180'}, {'rank': 0, 'subtype': 'master315', 'caption': None, 'credit': None, 'type': 'image', 'url': 'images/2019/01/27/magazine/27mag-Gomez-image1/27mag-Gomez-image1-master315.jpg', 'height': 252, 'width': 315, 'legacy': {}, 'subType': 'master315', 'crop_name': 'master315'}, {'rank': 0, 'subtype': 'master768', 'caption': None, 'credit': None, 'type': 'image', 'url': 'images/2019/01/27/magazine/27mag-Gomez-image1/27mag-Gomez-image1-master768.jpg', 'height': 614, 'width': 768, 'legacy': {}, 'subType': 'master768', 'crop_name': 'master768'}, {'rank': 0, 'subtype': 'thumbnail', 'caption': None, 'credit': None, 'type': 'image', 'url': 'images/2019/01/27/magazine/27mag-Gomez-image1/27mag-Gomez-image1-thumbStandard-v2.jpg', 'height': 75, 'width': 75, 'legacy': {'thumbnail': 'images/2019/01/27/magazine/27mag-Gomez-image1/27mag-Gomez-image1-thumbStandard-v2.jpg', 'thumbnailwidth': 75, 'thumbnailheight': 75}, 'subType': 'thumbnail', 'crop_name': 'thumbStandard'}, {'rank': 0, 'subtype': 'blogSmallThumb', 'caption': None, 'credit': None, 'type': 'image', 'url': 'images/2019/01/27/magazine/27mag-Gomez-image1/27mag-Gomez-image1-blogSmallThumb-v2.jpg', 'height': 50, 'width': 50, 'legacy': {}, 'subType': 'blogSmallThumb', 'crop_name': 'blogSmallThumb'}, {'rank': 0, 'subtype': 'thumbLarge', 'caption': None, 'credit': None, 'type': 'image', 'url': 'images/2019/01/27/magazine/27mag-Gomez-image1/27mag-Gomez-image1-thumbLarge-v2.jpg', 'height': 150, 'width': 150, 'legacy': {}, 'subType': 'thumbLarge', 'crop_name': 'thumbLarge'}, {'rank': 0, 'subtype': 'smallSquare168', 'caption': None, 'credit': None, 'type': 'image', 'url': 'images/2019/01/27/magazine/27mag-Gomez-image1/27mag-Gomez-image1-smallSquare168-v2.jpg', 'height': 168, 'width': 168, 'legacy': {}, 'subType': 'smallSquare168', 'crop_name': 'smallSquare168'}, {'rank': 0, 'subtype': 'smallSquare252', 'caption': None, 'credit': None, 'type': 'image', 'url': 'images/2019/01/27/magazine/27mag-Gomez-image1/27mag-Gomez-image1-smallSquare252-v2.jpg', 'height': 252, 'width': 252, 'legacy': {}, 'subType': 'smallSquare252', 'crop_name': 'smallSquare252'}, {'rank': 0, 'subtype': 'square320', 'caption': None, 'credit': None, 'type': 'image', 'url': 'images/2019/01/27/magazine/27mag-Gomez-image1/27mag-Gomez-image1-square320-v2.jpg', 'height': 320, 'width': 320, 'legacy': {}, 'subType': 'square320', 'crop_name': 'square320'}, {'rank': 0, 'subtype': 'moth', 'caption': None, 'credit': None, 'type': 'image', 'url': 'images/2019/01/27/magazine/27mag-Gomez-image1/27mag-Gomez-image1-moth-v2.jpg', 'height': 151, 'width': 151, 'legacy': {}, 'subType': 'moth', 'crop_name': 'moth'}, {'rank': 0, 'subtype': 'filmstrip', 'caption': None, 'credit': None, 'type': 'image', 'url': 'images/2019/01/27/magazine/27mag-Gomez-image1/27mag-Gomez-image1-filmstrip-v2.jpg', 'height': 190, 'width': 190, 'legacy': {}, 'subType': 'filmstrip', 'crop_name': 'filmstrip'}, {'rank': 0, 'subtype': 'square640', 'caption': None, 'credit': None, 'type': 'image', 'url': 'images/2019/01/27/magazine/27mag-Gomez-image1/27mag-Gomez-image1-square640-v2.jpg', 'height': 640, 'width': 640, 'legacy': {}, 'subType': 'square640', 'crop_name': 'square640'}, {'rank': 0, 'subtype': 'mediumSquare149', 'caption': None, 'credit': None, 'type': 'image', 'url': 'images/2019/01/27/magazine/27mag-Gomez-image1/27mag-Gomez-image1-mediumSquare149-v2.jpg', 'height': 149, 'width': 149, 'legacy': {}, 'subType': 'mediumSquare149', 'crop_name': 'mediumSquare149'}, {'rank': 0, 'subtype': 'sfSpan', 'caption': None, 'credit': None, 'type': 'image', 'url': 'images/2019/01/27/magazine/27mag-Gomez-image1/27mag-Gomez-image1-sfSpan-v2.jpg', 'height': 263, 'width': 395, 'legacy': {}, 'subType': 'sfSpan', 'crop_name': 'sfSpan'}, {'rank': 0, 'subtype': 'largeHorizontal375', 'caption': None, 'credit': None, 'type': 'image', 'url': 'images/2019/01/27/magazine/27mag-Gomez-image1/27mag-Gomez-image1-largeHorizontal375-v2.jpg', 'height': 250, 'width': 375, 'legacy': {}, 'subType': 'largeHorizontal375', 'crop_name': 'largeHorizontal375'}, {'rank': 0, 'subtype': 'largeHorizontalJumbo', 'caption': None, 'credit': None, 'type': 'image', 'url': 'images/2019/01/27/magazine/27mag-Gomez-image1/27mag-Gomez-image1-largeHorizontalJumbo-v2.jpg', 'height': 682, 'width': 1024, 'legacy': {}, 'subType': 'largeHorizontalJumbo', 'crop_name': 'largeHorizontalJumbo'}, {'rank': 0, 'subtype': 'horizontalMediumAt2X', 'caption': None, 'credit': None, 'type': 'image', 'url': 'images/2019/01/27/magazine/27mag-Gomez-image1/27mag-Gomez-image1-horizontalMediumAt2X-v2.jpg', 'height': 2198, 'width': 3300, 'legacy': {}, 'subType': 'horizontalMediumAt2X', 'crop_name': 'horizontalMediumAt2X'}, {'rank': 0, 'subtype': 'hpLarge', 'caption': None, 'credit': None, 'type': 'image', 'url': 'images/2019/01/27/magazine/27mag-Gomez-image1/27mag-Gomez-image1-hpLarge.jpg', 'height': 287, 'width': 511, 'legacy': {}, 'subType': 'hpLarge', 'crop_name': 'hpLarge'}, {'rank': 0, 'subtype': 'largeWidescreen573', 'caption': None, 'credit': None, 'type': 'image', 'url': 'images/2019/01/27/magazine/27mag-Gomez-image1/27mag-Gomez-image1-largeWidescreen573.jpg', 'height': 322, 'width': 573, 'legacy': {}, 'subType': 'largeWidescreen573', 'crop_name': 'largeWidescreen573'}, {'rank': 0, 'subtype': 'largeWidescreen1050', 'caption': None, 'credit': None, 'type': 'image', 'url': 'images/2019/01/27/magazine/27mag-Gomez-image1/27mag-Gomez-image1-largeWidescreen1050.jpg', 'height': 590, 'width': 1050, 'legacy': {}, 'subType': 'largeWidescreen1050', 'crop_name': 'largeWidescreen1050'}, {'rank': 0, 'subtype': 'wide', 'caption': None, 'credit': None, 'type': 'image', 'url': 'images/2019/01/27/magazine/27mag-Gomez-image1/27mag-Gomez-image1-thumbWide-v2.jpg', 'height': 126, 'width': 190, 'legacy': {'widewidth': 190, 'wideheight': 126, 'wide': 'images/2019/01/27/magazine/27mag-Gomez-image1/27mag-Gomez-image1-thumbWide-v2.jpg'}, 'subType': 'wide', 'crop_name': 'thumbWide'}, {'rank': 0, 'subtype': 'videoThumb', 'caption': None, 'credit': None, 'type': 'image', 'url': 'images/2019/01/27/magazine/27mag-Gomez-image1/27mag-Gomez-image1-videoThumb-v2.jpg', 'height': 50, 'width': 75, 'legacy': {}, 'subType': 'videoThumb', 'crop_name': 'videoThumb'}, {'rank': 0, 'subtype': 'videoLarge', 'caption': None, 'credit': None, 'type': 'image', 'url': 'images/2019/01/27/magazine/27mag-Gomez-image1/27mag-Gomez-image1-videoLarge-v2.jpg', 'height': 507, 'width': 768, 'legacy': {}, 'subType': 'videoLarge', 'crop_name': 'videoLarge'}, {'rank': 0, 'subtype': 'mediumThreeByTwo210', 'caption': None, 'credit': None, 'type': 'image', 'url': 'images/2019/01/27/magazine/27mag-Gomez-image1/27mag-Gomez-image1-mediumThreeByTwo210-v2.jpg', 'height': 140, 'width': 210, 'legacy': {}, 'subType': 'mediumThreeByTwo210', 'crop_name': 'mediumThreeByTwo210'}, {'rank': 0, 'subtype': 'mediumThreeByTwo225', 'caption': None, 'credit': None, 'type': 'image', 'url': 'images/2019/01/27/magazine/27mag-Gomez-image1/27mag-Gomez-image1-mediumThreeByTwo225-v2.jpg', 'height': 150, 'width': 225, 'legacy': {}, 'subType': 'mediumThreeByTwo225', 'crop_name': 'mediumThreeByTwo225'}, {'rank': 0, 'subtype': 'mediumThreeByTwo440', 'caption': None, 'credit': None, 'type': 'image', 'url': 'images/2019/01/27/magazine/27mag-Gomez-image1/27mag-Gomez-image1-mediumThreeByTwo440-v2.jpg', 'height': 293, 'width': 440, 'legacy': {}, 'subType': 'mediumThreeByTwo440', 'crop_name': 'mediumThreeByTwo440'}, {'rank': 0, 'subtype': 'mediumThreeByTwo252', 'caption': None, 'credit': None, 'type': 'image', 'url': 'images/2019/01/27/magazine/27mag-Gomez-image1/27mag-Gomez-image1-mediumThreeByTwo252-v2.jpg', 'height': 168, 'width': 252, 'legacy': {}, 'subType': 'mediumThreeByTwo252', 'crop_name': 'mediumThreeByTwo252'}, {'rank': 0, 'subtype': 'mediumThreeByTwo378', 'caption': None, 'credit': None, 'type': 'image', 'url': 'images/2019/01/27/magazine/27mag-Gomez-image1/27mag-Gomez-image1-mediumThreeByTwo378-v2.jpg', 'height': 252, 'width': 378, 'legacy': {}, 'subType': 'mediumThreeByTwo378', 'crop_name': 'mediumThreeByTwo378'}, {'rank': 0, 'subtype': 'threeByTwoLargeAt2X', 'caption': None, 'credit': None, 'type': 'image', 'url': 'images/2019/01/27/magazine/27mag-Gomez-image1/27mag-Gomez-image1-threeByTwoLargeAt2X-v2.jpg', 'height': 2198, 'width': 3300, 'legacy': {}, 'subType': 'threeByTwoLargeAt2X', 'crop_name': 'threeByTwoLargeAt2X'}, {'rank': 0, 'subtype': 'threeByTwoMediumAt2X', 'caption': None, 'credit': None, 'type': 'image', 'url': 'images/2019/01/27/magazine/27mag-Gomez-image1/27mag-Gomez-image1-threeByTwoMediumAt2X-v2.jpg', 'height': 999, 'width': 1500, 'legacy': {}, 'subType': 'threeByTwoMediumAt2X', 'crop_name': 'threeByTwoMediumAt2X'}, {'rank': 0, 'subtype': 'threeByTwoSmallAt2X', 'caption': None, 'credit': None, 'type': 'image', 'url': 'images/2019/01/27/magazine/27mag-Gomez-image1/27mag-Gomez-image1-threeByTwoSmallAt2X-v2.jpg', 'height': 400, 'width': 600, 'legacy': {}, 'subType': 'threeByTwoSmallAt2X', 'crop_name': 'threeByTwoSmallAt2X'}, {'rank': 0, 'subtype': 'articleInline', 'caption': None, 'credit': None, 'type': 'image', 'url': 'images/2019/01/27/magazine/27mag-Gomez-image1/27mag-Gomez-image1-articleInline.jpg', 'height': 152, 'width': 190, 'legacy': {}, 'subType': 'articleInline', 'crop_name': 'articleInline'}, {'rank': 0, 'subtype': 'hpSmall', 'caption': None, 'credit': None, 'type': 'image', 'url': 'images/2019/01/27/magazine/27mag-Gomez-image1/27mag-Gomez-image1-hpSmall.jpg', 'height': 130, 'width': 163, 'legacy': {}, 'subType': 'hpSmall', 'crop_name': 'hpSmall'}, {'rank': 0, 'subtype': 'blogSmallInline', 'caption': None, 'credit': None, 'type': 'image', 'url': 'images/2019/01/27/magazine/27mag-Gomez-image1/27mag-Gomez-image1-blogSmallInline.jpg', 'height': 121, 'width': 151, 'legacy': {}, 'subType': 'blogSmallInline', 'crop_name': 'blogSmallInline'}, {'rank': 0, 'subtype': 'mediumFlexible177', 'caption': None, 'credit': None, 'type': 'image', 'url': 'images/2019/01/27/magazine/27mag-Gomez-image1/27mag-Gomez-image1-mediumFlexible177.jpg', 'height': 141, 'width': 177, 'legacy': {}, 'subType': 'mediumFlexible177', 'crop_name': 'mediumFlexible177'}, {'rank': 0, 'subtype': 'videoSmall', 'caption': None, 'credit': None, 'type': 'image', 'url': 'images/2019/01/27/magazine/27mag-Gomez-image1/27mag-Gomez-image1-videoSmall.jpg', 'height': 281, 'width': 500, 'legacy': {}, 'subType': 'videoSmall', 'crop_name': 'videoSmall'}, {'rank': 0, 'subtype': 'videoHpMedium', 'caption': None, 'credit': None, 'type': 'image', 'url': 'images/2019/01/27/magazine/27mag-Gomez-image1/27mag-Gomez-image1-videoHpMedium.jpg', 'height': 211, 'width': 375, 'legacy': {}, 'subType': 'videoHpMedium', 'crop_name': 'videoHpMedium'}, {'rank': 0, 'subtype': 'videoSixteenByNine600', 'caption': None, 'credit': None, 'type': 'image', 'url': 'images/2019/01/27/magazine/27mag-Gomez-image1/27mag-Gomez-image1-videoSixteenByNine600.jpg', 'height': 338, 'width': 600, 'legacy': {}, 'subType': 'videoSixteenByNine600', 'crop_name': 'videoSixteenByNine600'}, {'rank': 0, 'subtype': 'videoSixteenByNine540', 'caption': None, 'credit': None, 'type': 'image', 'url': 'images/2019/01/27/magazine/27mag-Gomez-image1/27mag-Gomez-image1-videoSixteenByNine540.jpg', 'height': 304, 'width': 540, 'legacy': {}, 'subType': 'videoSixteenByNine540', 'crop_name': 'videoSixteenByNine540'}, {'rank': 0, 'subtype': 'videoSixteenByNine495', 'caption': None, 'credit': None, 'type': 'image', 'url': 'images/2019/01/27/magazine/27mag-Gomez-image1/27mag-Gomez-image1-videoSixteenByNine495.jpg', 'height': 278, 'width': 495, 'legacy': {}, 'subType': 'videoSixteenByNine495', 'crop_name': 'videoSixteenByNine495'}, {'rank': 0, 'subtype': 'videoSixteenByNine390', 'caption': None, 'credit': None, 'type': 'image', 'url': 'images/2019/01/27/magazine/27mag-Gomez-image1/27mag-Gomez-image1-videoSixteenByNine390.jpg', 'height': 219, 'width': 390, 'legacy': {}, 'subType': 'videoSixteenByNine390', 'crop_name': 'videoSixteenByNine390'}, {'rank': 0, 'subtype': 'videoSixteenByNine1050', 'caption': None, 'credit': None, 'type': 'image', 'url': 'images/2019/01/27/magazine/27mag-Gomez-image1/27mag-Gomez-image1-videoSixteenByNine1050.jpg', 'height': 591, 'width': 1050, 'legacy': {}, 'subType': 'videoSixteenByNine1050', 'crop_name': 'videoSixteenByNine1050'}, {'rank': 0, 'subtype': 'videoSixteenByNine480', 'caption': None, 'credit': None, 'type': 'image', 'url': 'images/2019/01/27/magazine/27mag-Gomez-image1/27mag-Gomez-image1-videoSixteenByNine480.jpg', 'height': 270, 'width': 480, 'legacy': {}, 'subType': 'videoSixteenByNine480', 'crop_name': 'videoSixteenByNine480'}, {'rank': 0, 'subtype': 'videoSixteenByNine310', 'caption': None, 'credit': None, 'type': 'image', 'url': 'images/2019/01/27/magazine/27mag-Gomez-image1/27mag-Gomez-image1-videoSixteenByNine310.jpg', 'height': 174, 'width': 310, 'legacy': {}, 'subType': 'videoSixteenByNine310', 'crop_name': 'videoSixteenByNine310'}, {'rank': 0, 'subtype': 'videoSixteenByNine225', 'caption': None, 'credit': None, 'type': 'image', 'url': 'images/2019/01/27/magazine/27mag-Gomez-image1/27mag-Gomez-image1-videoSixteenByNine225.jpg', 'height': 126, 'width': 225, 'legacy': {}, 'subType': 'videoSixteenByNine225', 'crop_name': 'videoSixteenByNine225'}, {'rank': 0, 'subtype': 'videoSixteenByNine96', 'caption': None, 'credit': None, 'type': 'image', 'url': 'images/2019/01/27/magazine/27mag-Gomez-image1/27mag-Gomez-image1-videoSixteenByNine96.jpg', 'height': 54, 'width': 96, 'legacy': {}, 'subType': 'videoSixteenByNine96', 'crop_name': 'videoSixteenByNine96'}, {'rank': 0, 'subtype': 'videoSixteenByNine3000', 'caption': None, 'credit': None, 'type': 'image', 'url': 'images/2019/01/27/magazine/27mag-Gomez-image1/27mag-Gomez-image1-videoSixteenByNine3000.jpg', 'height': 1686, 'width': 3000, 'legacy': {}, 'subType': 'videoSixteenByNine3000', 'crop_name': 'videoSixteenByNine3000'}, {'rank': 0, 'subtype': 'videoSixteenByNine768', 'caption': None, 'credit': None, 'type': 'image', 'url': 'images/2019/01/27/magazine/27mag-Gomez-image1/27mag-Gomez-image1-videoSixteenByNine768.jpg', 'height': 432, 'width': 768, 'legacy': {}, 'subType': 'videoSixteenByNine768', 'crop_name': 'videoSixteenByNine768'}, {'rank': 0, 'subtype': 'videoSixteenByNine150', 'caption': None, 'credit': None, 'type': 'image', 'url': 'images/2019/01/27/magazine/27mag-Gomez-image1/27mag-Gomez-image1-videoSixteenByNine150.jpg', 'height': 84, 'width': 150, 'legacy': {}, 'subType': 'videoSixteenByNine150', 'crop_name': 'videoSixteenByNine150'}, {'rank': 0, 'subtype': 'videoSixteenByNineJumbo1600', 'caption': None, 'credit': None, 'type': 'image', 'url': 'images/2019/01/27/magazine/27mag-Gomez-image1/27mag-Gomez-image1-videoSixteenByNineJumbo1600.jpg', 'height': 899, 'width': 1600, 'legacy': {}, 'subType': 'videoSixteenByNineJumbo1600', 'crop_name': 'videoSixteenByNineJumbo1600'}, {'rank': 0, 'subtype': 'miniMoth', 'caption': None, 'credit': None, 'type': 'image', 'url': 'images/2019/01/27/magazine/27mag-Gomez-image1/27mag-Gomez-image1-miniMoth.jpg', 'height': 70, 'width': 151, 'legacy': {}, 'subType': 'miniMoth', 'crop_name': 'miniMoth'}, {'rank': 0, 'subtype': 'windowsTile336H', 'caption': None, 'credit': None, 'type': 'image', 'url': 'images/2019/01/27/magazine/27mag-Gomez-image1/27mag-Gomez-image1-windowsTile336H.jpg', 'height': 336, 'width': 694, 'legacy': {}, 'subType': 'windowsTile336H', 'crop_name': 'windowsTile336H'}, {'rank': 0, 'subtype': 'videoFifteenBySeven1305', 'caption': None, 'credit': None, 'type': 'image', 'url': 'images/2019/01/27/magazine/27mag-Gomez-image1/27mag-Gomez-image1-videoFifteenBySeven1305.jpg', 'height': 609, 'width': 1305, 'legacy': {}, 'subType': 'videoFifteenBySeven1305', 'crop_name': 'videoFifteenBySeven1305'}, {'rank': 0, 'subtype': 'videoFifteenBySeven2610', 'caption': None, 'credit': None, 'type': 'image', 'url': 'images/2019/01/27/magazine/27mag-Gomez-image1/27mag-Gomez-image1-videoFifteenBySeven2610.jpg', 'height': 1218, 'width': 2610, 'legacy': {}, 'subType': 'videoFifteenBySeven2610', 'crop_name': 'videoFifteenBySeven2610'}, {'rank': 0, 'subtype': 'facebookJumbo', 'caption': None, 'credit': None, 'type': 'image', 'url': 'images/2019/01/27/magazine/27mag-Gomez-image1/27mag-Gomez-image1-facebookJumbo.jpg', 'height': 549, 'width': 1050, 'legacy': {}, 'subType': 'facebookJumbo', 'crop_name': 'facebookJumbo'}, {'rank': 0, 'subtype': 'watch308', 'caption': None, 'credit': None, 'type': 'image', 'url': 'images/2019/01/27/magazine/27mag-Gomez-image1/27mag-Gomez-image1-watch308-v2.jpg', 'height': 348, 'width': 312, 'legacy': {}, 'subType': 'watch308', 'crop_name': 'watch308'}, {'rank': 0, 'subtype': 'watch268', 'caption': None, 'credit': None, 'type': 'image', 'url': 'images/2019/01/27/magazine/27mag-Gomez-image1/27mag-Gomez-image1-watch268-v2.jpg', 'height': 303, 'width': 272, 'legacy': {}, 'subType': 'watch268', 'crop_name': 'watch268'}, {'rank': 0, 'subtype': 'verticalTwoByThree735', 'caption': None, 'credit': None, 'type': 'image', 'url': 'images/2019/01/27/magazine/27mag-Gomez-image1/27mag-Gomez-image1-verticalTwoByThree735-v2.jpg', 'height': 1102, 'width': 735, 'legacy': {}, 'subType': 'verticalTwoByThree735', 'crop_name': 'verticalTwoByThree735'}], 'headline': {'main': 'A Private Investigator Wanted to Prove His Clients Innocent. Will His Methods Be His Own Undoing?', 'kicker': 'Feature', 'content_kicker': None, 'print_headline': 'The Vigilante', 'name': None, 'seo': None, 'sub': None}, 'keywords': [{'name': 'persons', 'value': 'Gomez, Manuel (Private Investigator)', 'rank': 1, 'major': 'N'}, {'name': 'subject', 'value': 'Detectives (Private)', 'rank': 2, 'major': 'N'}, {'name': 'organizations', 'value': 'Police Department (NYC)', 'rank': 3, 'major': 'N'}, {'name': 'glocations', 'value': 'Bronx (NYC)', 'rank': 4, 'major': 'N'}, {'name': 'subject', 'value': 'Police Brutality, Misconduct and Shootings', 'rank': 5, 'major': 'N'}, {'name': 'subject', 'value': 'Corruption (Institutional)', 'rank': 6, 'major': 'N'}, {'name': 'subject', 'value': 'Police', 'rank': 7, 'major': 'N'}, {'name': 'subject', 'value': 'Crime and Criminals', 'rank': 8, 'major': 'N'}], 'pub_date': '2019-01-23T10:00:03+0000', 'document_type': 'article', 'news_desk': 'Magazine', 'section_name': 'Magazine', 'byline': {'original': 'By Saki Knafo', 'person': [{'firstname': 'Saki', 'middlename': None, 'lastname': 'Knafo', 'qualifier': None, 'title': None, 'role': 'reported', 'organization': '', 'rank': 1}], 'organization': None}, 'type_of_material': 'News', '_id': 'nyt://article/cec2a9c1-7711-5bb9-aa87-cee42b9a63ce', 'word_count': 8223, 'uri': 'nyt://article/cec2a9c1-7711-5bb9-aa87-cee42b9a63ce'}"
matthew hauswirth,2015,0,
anthony dicarlo,2016,0,
johnny lau,2014,0,
liana marcelle,2015,0,
vincent aguilo,2014,0,
frank ingrao,2019,0,
emmanuel fernandez,2015,0,
anlu rodriguez,2019,0,
christopher garcia,2014,1,"{'abstract': 'Reactions to a grand jury’s decision not to indict the police officer who caused the death of a Staten Island man by putting him in a chokehold.', 'web_url': 'https://cityroom.blogs.nytimes.com/2014/12/03/the-death-of-eric-garner-the-grand-jury-decision/', 'snippet': 'Reactions to a grand jury’s decision not to indict the police officer who caused the death of a Staten Island man by putting him in a chokehold.', 'lead_paragraph': 'Protesters gathered in Midtown Manhattan on Wednesday night after a Staten Island grand jury voted not to indict a police officer in the chokehold death of Eric Garner. See related article.', 'source': 'The New York Times', 'multimedia': [{'rank': 0, 'subtype': 'wide', 'caption': None, 'credit': None, 'type': 'image', 'url': 'images/2014/12/04/nyregion/GARNER4/GARNER4-thumbWide.jpg', 'height': 126, 'width': 190, 'legacy': {'widewidth': 190, 'wideheight': 126, 'wide': 'images/2014/12/04/nyregion/GARNER4/GARNER4-thumbWide.jpg'}, 'subType': 'wide', 'crop_name': 'thumbWide'}, {'rank': 0, 'subtype': 'videoThumb', 'caption': None, 'credit': None, 'type': 'image', 'url': 'images/2014/12/04/nyregion/GARNER4/GARNER4-videoThumb.jpg', 'height': 50, 'width': 75, 'legacy': {}, 'subType': 'videoThumb', 'crop_name': 'videoThumb'}, {'rank': 0, 'subtype': 'videoLarge', 'caption': None, 'credit': None, 'type': 'image', 'url': 'images/2014/12/04/nyregion/GARNER4/GARNER4-videoLarge.jpg', 'height': 507, 'width': 768, 'legacy': {}, 'subType': 'videoLarge', 'crop_name': 'videoLarge'}, {'rank': 0, 'subtype': 'mediumThreeByTwo210', 'caption': None, 'credit': None, 'type': 'image', 'url': 'images/2014/12/04/nyregion/GARNER4/GARNER4-mediumThreeByTwo210.jpg', 'height': 140, 'width': 210, 'legacy': {}, 'subType': 'mediumThreeByTwo210', 'crop_name': 'mediumThreeByTwo210'}, {'rank': 0, 'subtype': 'mediumThreeByTwo225', 'caption': None, 'credit': None, 'type': 'image', 'url': 'images/2014/12/04/nyregion/GARNER4/GARNER4-mediumThreeByTwo225.jpg', 'height': 150, 'width': 225, 'legacy': {}, 'subType': 'mediumThreeByTwo225', 'crop_name': 'mediumThreeByTwo225'}, {'rank': 0, 'subtype': 'mediumThreeByTwo440', 'caption': None, 'credit': None, 'type': 'image', 'url': 'images/2014/12/04/nyregion/GARNER4/GARNER4-mediumThreeByTwo440.jpg', 'height': 293, 'width': 440, 'legacy': {}, 'subType': 'mediumThreeByTwo440', 'crop_name': 'mediumThreeByTwo440'}, {'rank': 0, 'subtype': 'videoFifteenBySeven1305', 'caption': None, 'credit': None, 'type': 'image', 'url': 'images/2014/12/04/nyregion/GARNER4/GARNER4-videoFifteenBySeven1305.jpg', 'height': 609, 'width': 1305, 'legacy': {}, 'subType': 'videoFifteenBySeven1305', 'crop_name': 'videoFifteenBySeven1305'}, {'rank': 0, 'subtype': 'miniMoth', 'caption': None, 'credit': None, 'type': 'image', 'url': 'images/2014/12/04/nyregion/GARNER4/GARNER4-miniMoth.jpg', 'height': 70, 'width': 151, 'legacy': {}, 'subType': 'miniMoth', 'crop_name': 'miniMoth'}, {'rank': 0, 'subtype': 'windowsTile336H', 'caption': None, 'credit': None, 'type': 'image', 'url': 'images/2014/12/04/nyregion/GARNER4/GARNER4-windowsTile336H.jpg', 'height': 336, 'width': 694, 'legacy': {}, 'subType': 'windowsTile336H', 'crop_name': 'windowsTile336H'}, {'rank': 0, 'subtype': 'xlarge', 'caption': None, 'credit': None, 'type': 'image', 'url': 'images/2014/12/04/nyregion/GARNER4/GARNER4-articleLarge.jpg', 'height': 400, 'width': 600, 'legacy': {'xlarge': 'images/2014/12/04/nyregion/GARNER4/GARNER4-articleLarge.jpg', 'xlargewidth': 600, 'xlargeheight': 400}, 'subType': 'xlarge', 'crop_name': 'articleLarge'}, {'rank': 0, 'subtype': 'blog480', 'caption': None, 'credit': None, 'type': 'image', 'url': 'images/2014/12/04/nyregion/GARNER4/GARNER4-blog480.jpg', 'height': 320, 'width': 480, 'legacy': {}, 'subType': 'blog480', 'crop_name': 'blog480'}, {'rank': 0, 'subtype': 'blog427', 'caption': None, 'credit': None, 'type': 'image', 'url': 'images/2014/12/04/nyregion/GARNER4/GARNER4-blog427.jpg', 'height': 285, 'width': 427, 'legacy': {}, 'subType': 'blog427', 'crop_name': 'blog427'}, {'rank': 0, 'subtype': 'tmagArticle', 'caption': None, 'credit': None, 'type': 'image', 'url': 'images/2014/12/04/nyregion/GARNER4/GARNER4-tmagArticle.jpg', 'height': 395, 'width': 592, 'legacy': {}, 'subType': 'tmagArticle', 'crop_name': 'tmagArticle'}, {'rank': 0, 'subtype': 'jumbo', 'caption': None, 'credit': None, 'type': 'image', 'url': 'images/2014/12/04/nyregion/GARNER4/GARNER4-jumbo.jpg', 'height': 683, 'width': 1024, 'legacy': {}, 'subType': 'jumbo', 'crop_name': 'jumbo'}, {'rank': 0, 'subtype': 'blog225', 'caption': None, 'credit': None, 'type': 'image', 'url': 'images/2014/12/04/nyregion/GARNER4/GARNER4-blog225.jpg', 'height': 150, 'width': 225, 'legacy': {}, 'subType': 'blog225', 'crop_name': 'blog225'}, {'rank': 0, 'subtype': 'master675', 'caption': None, 'credit': None, 'type': 'image', 'url': 'images/2014/12/04/nyregion/GARNER4/GARNER4-master675.jpg', 'height': 450, 'width': 675, 'legacy': {}, 'subType': 'master675', 'crop_name': 'master675'}, {'rank': 0, 'subtype': 'master180', 'caption': None, 'credit': None, 'type': 'image', 'url': 'images/2014/12/04/nyregion/GARNER4/GARNER4-master180.jpg', 'height': 120, 'width': 180, 'legacy': {}, 'subType': 'master180', 'crop_name': 'master180'}, {'rank': 0, 'subtype': 'popup', 'caption': None, 'credit': None, 'type': 'image', 'url': 'images/2014/12/04/nyregion/GARNER4/GARNER4-popup.jpg', 'height': 434, 'width': 650, 'legacy': {}, 'subType': 'popup', 'crop_name': 'popup'}, {'rank': 0, 'subtype': 'blog533', 'caption': None, 'credit': None, 'type': 'image', 'url': 'images/2014/12/04/nyregion/GARNER4/GARNER4-blog533.jpg', 'height': 355, 'width': 533, 'legacy': {}, 'subType': 'blog533', 'crop_name': 'blog533'}, {'rank': 0, 'subtype': 'tmagSF', 'caption': None, 'credit': None, 'type': 'image', 'url': 'images/2014/12/04/nyregion/GARNER4/GARNER4-tmagSF.jpg', 'height': 241, 'width': 362, 'legacy': {}, 'subType': 'tmagSF', 'crop_name': 'tmagSF'}, {'rank': 0, 'subtype': 'slide', 'caption': None, 'credit': None, 'type': 'image', 'url': 'images/2014/12/04/nyregion/GARNER4/GARNER4-slide.jpg', 'height': 400, 'width': 600, 'legacy': {}, 'subType': 'slide', 'crop_name': 'slide'}, {'rank': 0, 'subtype': 'superJumbo', 'caption': None, 'credit': None, 'type': 'image', 'url': 'images/2014/12/04/nyregion/GARNER4/GARNER4-superJumbo.jpg', 'height': 1366, 'width': 2048, 'legacy': {}, 'subType': 'superJumbo', 'crop_name': 'superJumbo'}, {'rank': 0, 'subtype': 'master1050', 'caption': None, 'credit': None, 'type': 'image', 'url': 'images/2014/12/04/nyregion/GARNER4/GARNER4-master1050.jpg', 'height': 700, 'width': 1050, 'legacy': {}, 'subType': 'master1050', 'crop_name': 'master1050'}, {'rank': 0, 'subtype': 'master495', 'caption': None, 'credit': None, 'type': 'image', 'url': 'images/2014/12/04/nyregion/GARNER4/GARNER4-master495.jpg', 'height': 330, 'width': 495, 'legacy': {}, 'subType': 'master495', 'crop_name': 'master495'}, {'rank': 0, 'subtype': 'master315', 'caption': None, 'credit': None, 'type': 'image', 'url': 'images/2014/12/04/nyregion/GARNER4/GARNER4-master315.jpg', 'height': 210, 'width': 315, 'legacy': {}, 'subType': 'master315', 'crop_name': 'master315'}, {'rank': 0, 'subtype': 'square320', 'caption': None, 'credit': None, 'type': 'image', 'url': 'images/2014/12/04/nyregion/GARNER4/GARNER4-square320.jpg', 'height': 320, 'width': 320, 'legacy': {}, 'subType': 'square320', 'crop_name': 'square320'}, {'rank': 0, 'subtype': 'filmstrip', 'caption': None, 'credit': None, 'type': 'image', 'url': 'images/2014/12/04/nyregion/GARNER4/GARNER4-filmstrip.jpg', 'height': 190, 'width': 190, 'legacy': {}, 'subType': 'filmstrip', 'crop_name': 'filmstrip'}, {'rank': 0, 'subtype': 'square640', 'caption': None, 'credit': None, 'type': 'image', 'url': 'images/2014/12/04/nyregion/GARNER4/GARNER4-square640.jpg', 'height': 640, 'width': 640, 'legacy': {}, 'subType': 'square640', 'crop_name': 'square640'}, {'rank': 0, 'subtype': 'moth', 'caption': None, 'credit': None, 'type': 'image', 'url': 'images/2014/12/04/nyregion/GARNER4/GARNER4-moth.jpg', 'height': 151, 'width': 151, 'legacy': {}, 'subType': 'moth', 'crop_name': 'moth'}, {'rank': 0, 'subtype': 'mediumSquare149', 'caption': None, 'credit': None, 'type': 'image', 'url': 'images/2014/12/04/nyregion/GARNER4/GARNER4-mediumSquare149.jpg', 'height': 149, 'width': 149, 'legacy': {}, 'subType': 'mediumSquare149', 'crop_name': 'mediumSquare149'}, {'rank': 0, 'subtype': 'articleInline', 'caption': None, 'credit': None, 'type': 'image', 'url': 'images/2014/12/04/nyregion/GARNER4/GARNER4-articleInline.jpg', 'height': 127, 'width': 190, 'legacy': {}, 'subType': 'articleInline', 'crop_name': 'articleInline'}, {'rank': 0, 'subtype': 'hpSmall', 'caption': None, 'credit': None, 'type': 'image', 'url': 'images/2014/12/04/nyregion/GARNER4/GARNER4-hpSmall.jpg', 'height': 109, 'width': 163, 'legacy': {}, 'subType': 'hpSmall', 'crop_name': 'hpSmall'}, {'rank': 0, 'subtype': 'blogSmallInline', 'caption': None, 'credit': None, 'type': 'image', 'url': 'images/2014/12/04/nyregion/GARNER4/GARNER4-blogSmallInline.jpg', 'height': 101, 'width': 151, 'legacy': {}, 'subType': 'blogSmallInline', 'crop_name': 'blogSmallInline'}, {'rank': 0, 'subtype': 'mediumFlexible177', 'caption': None, 'credit': None, 'type': 'image', 'url': 'images/2014/12/04/nyregion/GARNER4/GARNER4-mediumFlexible177.jpg', 'height': 118, 'width': 177, 'legacy': {}, 'subType': 'mediumFlexible177', 'crop_name': 'mediumFlexible177'}, {'rank': 0, 'subtype': 'sfSpan', 'caption': None, 'credit': None, 'type': 'image', 'url': 'images/2014/12/04/nyregion/GARNER4/GARNER4-sfSpan.jpg', 'height': 263, 'width': 395, 'legacy': {}, 'subType': 'sfSpan', 'crop_name': 'sfSpan'}, {'rank': 0, 'subtype': 'largeHorizontal375', 'caption': None, 'credit': None, 'type': 'image', 'url': 'images/2014/12/04/nyregion/GARNER4/GARNER4-largeHorizontal375.jpg', 'height': 250, 'width': 375, 'legacy': {}, 'subType': 'largeHorizontal375', 'crop_name': 'largeHorizontal375'}, {'rank': 0, 'subtype': 'hpLarge', 'caption': None, 'credit': None, 'type': 'image', 'url': 'images/2014/12/04/nyregion/GARNER4/GARNER4-hpLarge.jpg', 'height': 287, 'width': 511, 'legacy': {}, 'subType': 'hpLarge', 'crop_name': 'hpLarge'}, {'rank': 0, 'subtype': 'largeWidescreen573', 'caption': None, 'credit': None, 'type': 'image', 'url': 'images/2014/12/04/nyregion/GARNER4/GARNER4-largeWidescreen573.jpg', 'height': 322, 'width': 573, 'legacy': {}, 'subType': 'largeWidescreen573', 'crop_name': 'largeWidescreen573'}, {'rank': 0, 'subtype': 'largeWidescreen1050', 'caption': None, 'credit': None, 'type': 'image', 'url': 'images/2014/12/04/nyregion/GARNER4/GARNER4-largeWidescreen1050.jpg', 'height': 591, 'width': 1050, 'legacy': {}, 'subType': 'largeWidescreen1050', 'crop_name': 'largeWidescreen1050'}, {'rank': 0, 'subtype': 'videoSmall', 'caption': None, 'credit': None, 'type': 'image', 'url': 'images/2014/12/04/nyregion/GARNER4/GARNER4-videoSmall.jpg', 'height': 281, 'width': 500, 'legacy': {}, 'subType': 'videoSmall', 'crop_name': 'videoSmall'}, {'rank': 0, 'subtype': 'videoHpMedium', 'caption': None, 'credit': None, 'type': 'image', 'url': 'images/2014/12/04/nyregion/GARNER4/GARNER4-videoHpMedium.jpg', 'height': 211, 'width': 375, 'legacy': {}, 'subType': 'videoHpMedium', 'crop_name': 'videoHpMedium'}, {'rank': 0, 'subtype': 'videoSixteenByNine600', 'caption': None, 'credit': None, 'type': 'image', 'url': 'images/2014/12/04/nyregion/GARNER4/GARNER4-videoSixteenByNine600.jpg', 'height': 338, 'width': 600, 'legacy': {}, 'subType': 'videoSixteenByNine600', 'crop_name': 'videoSixteenByNine600'}, {'rank': 0, 'subtype': 'videoSixteenByNine540', 'caption': None, 'credit': None, 'type': 'image', 'url': 'images/2014/12/04/nyregion/GARNER4/GARNER4-videoSixteenByNine540.jpg', 'height': 304, 'width': 540, 'legacy': {}, 'subType': 'videoSixteenByNine540', 'crop_name': 'videoSixteenByNine540'}, {'rank': 0, 'subtype': 'videoSixteenByNine495', 'caption': None, 'credit': None, 'type': 'image', 'url': 'images/2014/12/04/nyregion/GARNER4/GARNER4-videoSixteenByNine495.jpg', 'height': 278, 'width': 495, 'legacy': {}, 'subType': 'videoSixteenByNine495', 'crop_name': 'videoSixteenByNine495'}, {'rank': 0, 'subtype': 'videoSixteenByNine390', 'caption': None, 'credit': None, 'type': 'image', 'url': 'images/2014/12/04/nyregion/GARNER4/GARNER4-videoSixteenByNine390.jpg', 'height': 219, 'width': 390, 'legacy': {}, 'subType': 'videoSixteenByNine390', 'crop_name': 'videoSixteenByNine390'}, {'rank': 0, 'subtype': 'videoSixteenByNine480', 'caption': None, 'credit': None, 'type': 'image', 'url': 'images/2014/12/04/nyregion/GARNER4/GARNER4-videoSixteenByNine480.jpg', 'height': 270, 'width': 480, 'legacy': {}, 'subType': 'videoSixteenByNine480', 'crop_name': 'videoSixteenByNine480'}, {'rank': 0, 'subtype': 'videoSixteenByNine310', 'caption': None, 'credit': None, 'type': 'image', 'url': 'images/2014/12/04/nyregion/GARNER4/GARNER4-videoSixteenByNine310.jpg', 'height': 174, 'width': 310, 'legacy': {}, 'subType': 'videoSixteenByNine310', 'crop_name': 'videoSixteenByNine310'}, {'rank': 0, 'subtype': 'videoSixteenByNine225', 'caption': None, 'credit': None, 'type': 'image', 'url': 'images/2014/12/04/nyregion/GARNER4/GARNER4-videoSixteenByNine225.jpg', 'height': 126, 'width': 225, 'legacy': {}, 'subType': 'videoSixteenByNine225', 'crop_name': 'videoSixteenByNine225'}, {'rank': 0, 'subtype': 'videoSixteenByNine96', 'caption': None, 'credit': None, 'type': 'image', 'url': 'images/2014/12/04/nyregion/GARNER4/GARNER4-videoSixteenByNine96.jpg', 'height': 54, 'width': 96, 'legacy': {}, 'subType': 'videoSixteenByNine96', 'crop_name': 'videoSixteenByNine96'}, {'rank': 0, 'subtype': 'videoSixteenByNine768', 'caption': None, 'credit': None, 'type': 'image', 'url': 'images/2014/12/04/nyregion/GARNER4/GARNER4-videoSixteenByNine768.jpg', 'height': 432, 'width': 768, 'legacy': {}, 'subType': 'videoSixteenByNine768', 'crop_name': 'videoSixteenByNine768'}, {'rank': 0, 'subtype': 'videoSixteenByNine150', 'caption': None, 'credit': None, 'type': 'image', 'url': 'images/2014/12/04/nyregion/GARNER4/GARNER4-videoSixteenByNine150.jpg', 'height': 84, 'width': 150, 'legacy': {}, 'subType': 'videoSixteenByNine150', 'crop_name': 'videoSixteenByNine150'}, {'rank': 0, 'subtype': 'videoSixteenByNine1050', 'caption': None, 'credit': None, 'type': 'image', 'url': 'images/2014/12/04/nyregion/GARNER4/GARNER4-videoSixteenByNine1050.jpg', 'height': 591, 'width': 1050, 'legacy': {}, 'subType': 'videoSixteenByNine1050', 'crop_name': 'videoSixteenByNine1050'}, {'rank': 0, 'subtype': 'thumbnail', 'caption': None, 'credit': None, 'type': 'image', 'url': 'images/2014/12/04/nyregion/GARNER4/GARNER4-thumbStandard.jpg', 'height': 75, 'width': 75, 'legacy': {'thumbnail': 'images/2014/12/04/nyregion/GARNER4/GARNER4-thumbStandard.jpg', 'thumbnailwidth': 75, 'thumbnailheight': 75}, 'subType': 'thumbnail', 'crop_name': 'thumbStandard'}, {'rank': 0, 'subtype': 'thumbLarge', 'caption': None, 'credit': None, 'type': 'image', 'url': 'images/2014/12/04/nyregion/GARNER4/GARNER4-thumbLarge.jpg', 'height': 150, 'width': 150, 'legacy': {}, 'subType': 'thumbLarge', 'crop_name': 'thumbLarge'}, {'rank': 0, 'subtype': 'blogSmallThumb', 'caption': None, 'credit': None, 'type': 'image', 'url': 'images/2014/12/04/nyregion/GARNER4/GARNER4-blogSmallThumb.jpg', 'height': 50, 'width': 50, 'legacy': {}, 'subType': 'blogSmallThumb', 'crop_name': 'blogSmallThumb'}], 'headline': {'main': 'Reaction to Eric Garner Grand Jury Decision', 'kicker': 'City Room', 'content_kicker': None, 'print_headline': None, 'name': None, 'seo': None, 'sub': None}, 'keywords': [{'name': 'subject', 'value': 'Police Brutality, Misconduct and Shootings', 'rank': 1, 'major': 'N'}, {'name': 'persons', 'value': 'Garner, Eric', 'rank': 2, 'major': 'N'}, {'name': 'organizations', 'value': 'Police Department (NYC)', 'rank': 3, 'major': 'N'}, {'name': 'glocations', 'value': 'Staten Island (NYC)', 'rank': 4, 'major': 'N'}], 'pub_date': '2014-12-03T19:22:22+0000', 'document_type': 'article', 'news_desk': 'Metro', 'section_name': 'New York', 'byline': {'original': 'By Andy Newman', 'person': [{'firstname': 'Andy', 'middlename': None, 'lastname': 'Newman', 'qualifier': None, 'title': None, 'role': 'reported', 'organization': '', 'rank': 1}], 'organization': None}, 'type_of_material': 'News', '_id': 'nyt://article/a7a26d64-9b30-53d3-b7a1-d7eb0904f8d7', 'word_count': 5701, 'uri': 'nyt://article/a7a26d64-9b30-53d3-b7a1-d7eb0904f8d7'}"
remy jeanfrancois,2014,0,
washington zurita,2014,0,
andy heenpella,2018,0,
james saintil,2014,0,
donald hook,2017,0,
raynni reyes,2017,0,
peter lazare,2015,0,
nico hewitt,2015,0,
danny campbell,2015,0,
susie peralta,2014,0,
tina stuart,2016,0,
john foley,2017,0,
miles holman,2019,0,
robert schlosser,2019,0,
crystal collins,2016,0,
christian casillo,2018,0,
terrence williams,2019,0,
sanjay gidarisingh,2017,0,
francisco vega,2015,0,
marc lebron,2014,0,
jena leocadio,2018,0,
anthony raddi,2014,0,
nuran ali,2014,0,
william froehlich,2017,0,
matthew zappia,2014,0,
christian campoverde,2014,0,
thomas nigro,2016,0,
andrew schlegel,2015,0,
jose bravo,2014,0,
robert dazzo,2017,0,
demetrios kekatos,2015,0,
il baik,2018,0,
lucas nicolas,2015,0,
matthew drury,2015,0,
james tobin,2018,0,
nicholas derobertis,2015,0,
kathleen correa,2019,0,
jason pulver,2017,0,
james wunderlich,2014,0,
sean buchanan,2018,0,
alicia garcia,2017,0,
francisco adames,2019,0,
aida dejesus,2016,0,
andrzej maziarz,2014,0,
stephen barounis,2018,0,
adam gledhill,2019,0,
michal drozd,2016,0,
carl callender,2014,0,
john zanca,2014,0,
victor reynoso,2016,0,
john smyth,2016,0,
giancarlo maratea,2019,0,
christopher diorio,2019,0,
iran lopezmaceda,2019,0,
nicholas abagnalo,2018,0,
manolin molina,2015,0,
edison gutierrez,2014,0,
krista cascalenda,2014,0,
michael connizzo,2019,0,
victor nunez,2015,0,
renee hanna,2017,0,
katrina forrester,2015,0,
adan munoz,2014,0,
robert martinez,2019,0,
joseph napolitano,2017,0,
troyann safi,2017,0,
james tagliamonte,2014,0,
david babayev,2019,0,
alejandra weinold,2017,0,
leonel rivas,2017,0,
william odriscoll,2014,0,
eric dieumegard,2015,0,
joseph manfra,2018,0,
derek sambolin,2015,0,
anil jacob,2014,0,
grid troci,2017,0,
michael becker,2017,0,
patrick mcgrath,2014,0,
christopher mattar,2019,0,
kasey homer,2015,0,
john christmann,2016,0,
joseph albert,2016,0,
steve torres,2018,0,
hammer colon,2019,0,
dwight powell,2017,0,
carlos morales,2014,0,
john stapleton,2015,0,
charles schwartz,2017,0,
robert villani,2015,0,
christopher jaeger,2014,0,
ahsan zafar,2016,0,
gregory elz,2019,0,
christophe cooley,2014,0,
gloria cevallos,2017,0,
cheng pak,2017,0,
jonathan pesce,2019,0,
sean liscoe,2017,0,
victor quach,2017,0,
destyni bynoe,2019,0,
hugh herbert,2018,0,
william dugan,2016,0,
pamela rhoad,2018,0,
luis ramirez,2019,0,
yajaira martinez,2016,0,
rory kim,2017,0,
xavier fernandez,2017,0,
christophe savage,2014,0,
nathaniel beck,2019,0,
vincent ferrante,2014,0,
lawrence harvey,2015,0,
robert leopold,2014,0,
michael longobardo,2019,0,
james shouldis,2018,0,
alexander salzman,2018,0,
jacqueline becker,2017,0,
jose santory,2016,0,
glen barker,2014,0,
david cheesewright,2018,0,
troy peacock,2019,0,
michael perez,2019,0,
edward stafford,2017,0,
darren mays,2019,0,
michael jenkins,2018,0,
danny chung,2016,0,
james kash,2019,0,
brian sacher,2014,0,
howard roth,2018,0,
lorraine vultaggio,2015,0,
anthony bentivegna,2019,0,
david jimenez,2019,0,
hauline garcia,2016,0,
james mccafferty,2016,0,
sean noce,2016,0,
kitwane lewis,2019,0,
louis guglielmo,2017,0,
walter valentin,2015,0,
oscar ramos,2015,0,
rashan lacoste,2014,0,
pinyo saitep,2014,0,
michael pyzikiewicz,2016,0,
richard modestil,2019,0,
renee lee,2014,0,
sandra martinez,2018,0,
edwin ching,2015,0,
vincent tulipano,2016,0,
dean zandani,2017,0,
muhammad ashraf,2016,0,
zachary barrett,2017,0,
nadine burgos,2014,0,
nicholas ursini,2015,0,
philip tse,2017,0,
juan moreno,2015,0,
frankie iglesias,2014,0,
kwadwo opokuduro,2016,0,
victor carrasquillo,2019,0,
george ricker,2014,0,
peter chiofolo,2018,0,
michael onieal,2014,0,
michael iovine,2014,0,
juan peralta,2019,0,
harry pell,2018,0,
john randazzo,2015,0,
francis brunetti,2017,0,
jonathan martinez,2017,0,
james gilson,2018,0,
karina pena,2018,0,
jason samuel,2017,0,
alexis denny,2018,0,
joshua bienvenue,2015,0,
gregory rittenhouse,2015,0,
piotr zebrowski,2016,0,
jamie gifkins,2016,0,
kevin shanahan,2015,0,
michael russo,2016,0,
ioannis argyros,2017,0,
samantha dimarco,2018,0,
charles choi,2017,0,
paris rious,2014,0,
matthew lewis,2016,0,
john kiernan,2019,0,
william mackay,2019,0,
robert barnett,2019,0,
danielle orourke,2015,0,
clyde gabriel,2016,0,
miriam lenarduzzi,2018,0,
besim pelinku,2014,0,
gerard guzman,2014,0,
daniel moessner,2017,0,
florenc dacaj,2018,0,
harry cai,2019,0,
evan dumont,2014,0,
lisa santasieri,2016,0,
paul brzezinski,2017,0,
luis pacheco,2018,0,
michael sidorskiy,2018,0,
marc starromand,2019,0,
crystal williams,2018,0,
joseph sferrazza,2018,0,
ahmed abdalla,2017,0,
mark kwon,2017,0,
camille mcsam,2016,0,
james campiglia,2017,0,
janice falette,2016,0,
patrick tanner,2014,0,
dmitriy shery,2015,0,
kelvin gomez,2018,0,
rafal korycki,2015,0,
frank gut,2018,0,
henry rojas,2019,0,
zaid ahmed,2019,0,
philip clottin,2019,0,
esdras albert,2015,0,
patrick craig,2015,0,
matthew palmerini,2015,0,
patrick gordon,2016,0,
ronnie rodriguez,2017,0,
william mckiver,2019,0,
carlos anton,2014,0,
derrick coleman,2016,0,
alexis ponce,2015,0,
sean buchanan,2015,0,
patrick mcbride,2017,0,
todd berenson,2014,0,
felix paulino,2019,0,
kevin fundarek,2015,0,
matthew kreisman,2017,0,
jorge vazquez,2014,0,
john reddy,2018,0,
alan schatz,2015,0,
edmundo rivera,2016,0,
ronald hobson,2016,0,
edwin sanchez,2014,0,
daniel bavuso,2018,0,
anthony pastore,2017,0,
william gaspari,2015,0,
rudy anzalone,2016,0,
desmund nichols,2014,0,
eroll cherenfant,2016,0,
salvatore aquino,2015,0,
luis machado,2014,0,
andrew martinez,2018,0,
devin baker,2019,0,
frank mallimo,2016,0,
oliver rojas,2019,0,
kelvin garcia,2016,0,
john maderik,2016,0,
shawn gallagher,2017,0,
carmen mateo,2018,0,
john gherardi,2014,0,
cameron foster,2014,0,
patrick osei,2017,0,
steven acevedo,2015,0,
daryll nesbitt,2017,0,
vicente vivar,2016,0,
anthony cimmino,2016,0,
nathaniel anthony,2014,0,
edward lawyerr,2014,0,
tanya acevedo,2019,0,
jason sanders,2016,0,
ronald kennedy,2019,0,
catherine cirami,2017,0,
dewan persaud,2014,0,
lawrice crawford,2018,0,
hemadeh fattah,2017,0,
brandon grasser,2019,0,
nelson nin,2018,0,
german gonzalez,2017,0,
eric mazurkiewicz,2016,0,
craig roach,2015,0,
daniel chin,2014,0,
osmairy castillo,2018,0,
sean monahan,2016,0,
dina talavera,2017,0,
anlu rodriguez,2017,0,
noel alphonso,2018,0,
james dhanpath,2017,0,
julia goldberg,2017,0,
marco padilla,2017,0,
jennifer driscoll,2018,0,
stephen salzano,2015,0,
edward ahearne,2017,0,
thomas campanelli,2018,0,
carl bennett,2015,0,
malvi moncion,2019,0,
joshua laveglia,2014,0,
jose mejia,2016,0,
paul giangrasso,2016,0,
robert hakius,2019,0,
taraya cutler,2019,0,
brian zupo,2019,0,
paul casale,2015,0,
joseph schneider,2018,0,
william glynn,2018,0,
david sammarco,2014,0,
patrick leonard,2019,0,
anthony russo,2015,0,
miguel adorno,2018,0,
jonmichael delarosa,2017,0,
joseph accetta,2019,0,
adnan radoncic,2016,0,
arthur truscelli,2014,0,
john oneill,2019,0,
choudhry rameez,2016,0,
eric borbee,2019,0,
michael cillis,2018,0,
juby thomas,2015,0,
erika moore,2014,0,
christophe tehan,2015,0,
arzoo bedi,2018,0,
eula harris,2014,0,
daniel aybar,2014,0,
david hovestadt,2016,0,
josue kavanagh,2017,0,
matthew hughes,2015,0,
bilal ates,2018,0,
makiba brathwaitezimmerman,2016,0,
yassir zahroof,2017,0,
james zozzaro,2018,0,
bailey goon,2015,0,
cleeford franklin,2015,0,
juan pichardo,2015,0,
leon pedigo,2017,0,
kelvin peralta,2019,0,
bruce ceparano,2017,0,
scott sohn,2017,0,
james lukeson,2019,0,
brian destefano,2017,0,
jihad shahin,2017,0,
raymond abreu,2014,0,
bennett shelley,2015,0,
denis gamez,2019,0,
anthony guadagno,2017,0,
galvin ferguson,2018,0,
michael brito,2019,0,
andres rosario,2018,0,
angel ramos,2016,0,
kelvin ozuna,2018,0,
pedro cruz,2016,0,
vladimir alonzo,2016,0,
brian mccaughey,2014,0,
